id,pred_ens,prob_c0_ens,prob_c1_ens,prob_c2_ens,pred_fold1,prob_c0_fold1,prob_c1_fold1,prob_c2_fold1,pred_fold2,prob_c0_fold2,prob_c1_fold2,prob_c2_fold2,pred_fold3,prob_c0_fold3,prob_c1_fold3,prob_c2_fold3,pred_fold4,prob_c0_fold4,prob_c1_fold4,prob_c2_fold4,pred_fold5,prob_c0_fold5,prob_c1_fold5,prob_c2_fold5
XBY46512.1,0,0.99855185,0.00013106203,0.0013170807,0,0.99847084,0.00020530436,0.0013238695,0,0.998697,0.000111889065,0.0011911131,0,0.99809414,0.00017724124,0.0017285967,0,0.998338,0.00013006086,0.001531918,0,0.9991592,3.0814634e-05,0.0008099061
XBY45355.1,0,0.9976985,0.00088244735,0.0014190702,0,0.99577713,0.0028097697,0.001413095,0,0.9988325,0.00018322191,0.0009842049,0,0.99703133,0.0008102399,0.0021584092,0,0.9977272,0.00047817928,0.0017946154,0,0.9991242,0.00013082562,0.00074502645
XBY44439.1,0,0.99687546,0.0014782508,0.0016463303,0,0.99261063,0.0056395666,0.0017497924,0,0.99860126,0.00025155037,0.0011472688,0,0.997247,0.00065245025,0.0021006837,0,0.9970193,0.0006267421,0.002353981,0,0.9988992,0.00022094524,0.0008799254
XBY45384.1,0,0.9771331,0.0018555898,0.021011338,0,0.96058136,0.002780853,0.036637794,0,0.9857767,0.0014416669,0.012781661,0,0.9740068,0.002304289,0.023688892,0,0.9762507,0.0021451875,0.02160406,0,0.9890498,0.00060595304,0.010344281
XBY44202.1,0,0.9946205,0.0005707375,0.0048086997,0,0.99233854,0.0009731319,0.006688279,0,0.9948778,0.00052615156,0.004596109,0,0.9938486,0.0007127139,0.0054386137,0,0.9941823,0.0005438207,0.0052738343,0,0.99785537,9.786969e-05,0.0020466608
XBY44652.1,0,0.99787676,0.0004369276,0.001686402,0,0.997256,0.0010159455,0.0017280512,0,0.99831486,0.00022409276,0.0014610941,0,0.99762326,0.00037209832,0.002004637,0,0.99686277,0.00052808947,0.0026091351,0,0.99932647,4.4412216e-05,0.0006290929
XBY44023.1,0,0.9987671,0.00018648108,0.0010465175,0,0.9985362,0.00039921337,0.0010645706,0,0.9990971,8.694224e-05,0.0008159071,0,0.9984164,0.00021535992,0.001368253,0,0.9984693,0.00019804318,0.00133267,0,0.999316,3.2846725e-05,0.0006511869
XBY45033.1,0,0.99704516,0.0006372165,0.0023176044,0,0.9955923,0.0017057918,0.0027018143,0,0.9979372,0.0002864827,0.0017763857,0,0.9964342,0.0005351896,0.0030305798,0,0.99628335,0.0005883189,0.0031282518,0,0.99897873,7.029939e-05,0.00095099065
XBY42812.1,0,0.9989053,0.0003134378,0.00078132254,0,0.9985739,0.000776752,0.00064940803,0,0.99910456,0.00014575198,0.0007496658,0,0.9987784,0.00029854462,0.00092314515,0,0.99885285,0.0002187493,0.00092834927,0,0.99921656,0.00012739105,0.0006560447
XBY43720.1,0,0.9969907,0.0019178767,0.0010914147,0,0.9902152,0.008406896,0.0013779397,0,0.99912494,0.00014622888,0.000728748,0,0.99815243,0.00046375985,0.0013837273,0,0.9981179,0.00046897674,0.0014131746,0,0.999343,0.00010352164,0.00055348425
XBY46623.1,0,0.9916855,0.005457961,0.00285654,0,0.9723617,0.023869118,0.0037691859,0,0.99735665,0.000517403,0.0021259019,0,0.99417555,0.0016069028,0.004217484,0,0.9963052,0.00088560756,0.0028091546,0,0.99822825,0.00041077269,0.0013609729
XBY43509.1,0,0.9967412,0.0006329032,0.0026258403,0,0.9954554,0.0013222239,0.0032223868,0,0.9973706,0.00037995615,0.0022494008,0,0.99674666,0.00062430155,0.0026290382,0,0.995621,0.0007187762,0.0036602477,0,0.99851257,0.00011925798,0.0013681286
XBY44190.1,0,0.9970784,0.00059096393,0.0023306594,0,0.9964162,0.0012560728,0.002327607,0,0.9977627,0.0003173769,0.0019199445,0,0.99614304,0.0006817848,0.0031752812,0,0.9961211,0.00063333096,0.00324562,0,0.998949,6.625432e-05,0.000984844
XBY43419.1,0,0.99429846,0.001572559,0.004128972,0,0.9901888,0.0043296358,0.0054816036,0,0.9962565,0.00065430155,0.003089315,0,0.9943402,0.0011926558,0.004467116,0,0.992342,0.001527016,0.006131087,0,0.998365,0.00015918596,0.0014757388
XBY45793.1,0,0.9940238,0.0011762794,0.0047999253,0,0.9919191,0.0022909108,0.005790057,0,0.994987,0.00078420807,0.004228801,0,0.9943599,0.0010103005,0.0046298685,0,0.99074405,0.0016700893,0.007585811,0,0.998109,0.00012588853,0.0017650892
XBY46575.1,0,0.9989373,0.00016508492,0.00089768384,0,0.99882704,0.00033907572,0.0008338467,0,0.99898344,0.000109846056,0.0009067063,0,0.9987185,0.00017874836,0.0011028001,0,0.99855894,0.00017770687,0.0012633359,0,0.9995983,2.004756e-05,0.00038173053
XBY46287.1,0,0.99862576,0.00017300538,0.0012012834,0,0.99852896,0.00029561686,0.0011754145,0,0.9985158,0.00015081782,0.0013334566,0,0.9984315,0.00020651886,0.0013620013,0,0.9984162,0.00017680149,0.0014070119,0,0.9992362,3.5271918e-05,0.00072853314
XBY43316.1,0,0.99845695,0.00039256545,0.0011505147,0,0.9979754,0.0010275709,0.0009970189,0,0.9989742,0.00014560208,0.00088019785,0,0.99809843,0.00035279297,0.0015487566,0,0.9978586,0.00038355825,0.001757952,0,0.9993781,5.3303007e-05,0.00056864833
XBY46380.1,0,0.9956597,0.00069523655,0.0036450126,0,0.9947739,0.0013561314,0.0038699997,0,0.99711835,0.00037309615,0.002508509,0,0.99340737,0.0008454509,0.0057472293,0,0.9948055,0.00078328664,0.004411144,0,0.9981937,0.00011821768,0.0016881804
XBY46766.1,0,0.9964884,0.0010894907,0.0024220978,0,0.99412644,0.003047214,0.0028262974,0,0.9975702,0.00042267801,0.0020071384,0,0.9963349,0.00085157796,0.002813488,0,0.99550194,0.0010187874,0.0034792502,0,0.9989085,0.00010719667,0.0009843155
XBY43401.1,0,0.998178,0.0002507585,0.001571206,0,0.9984295,0.00039627327,0.0011742129,0,0.9981641,0.00020850239,0.0016274267,0,0.99802434,0.00025740894,0.0017182449,0,0.99772245,0.0002860228,0.0019915097,0,0.99854976,0.00010558501,0.0013446357
XBY45516.1,0,0.99745685,0.00032886822,0.0022142376,0,0.9966428,0.000637356,0.0027198175,0,0.9979259,0.00021458488,0.001859495,0,0.9972851,0.00035271718,0.002362087,0,0.9965413,0.00038499644,0.0030736465,0,0.99888927,5.4686505e-05,0.0010561422
XBY46859.1,0,0.9980931,0.0006956613,0.0012111625,0,0.9962608,0.002491443,0.0012477731,0,0.99905294,0.00014171886,0.00080528803,0,0.99786586,0.00043927916,0.0016949099,0,0.9980034,0.00031299115,0.0016835454,0,0.9992828,9.287418e-05,0.00062429655
XBY43590.1,0,0.99521226,0.0011599192,0.0036278297,0,0.9932556,0.0026823643,0.004062057,0,0.996739,0.00052471954,0.002736306,0,0.9948095,0.0009706704,0.0042198175,0,0.9928952,0.0014840337,0.0056208493,0,0.998362,0.0001378085,0.0015001172
XBY46605.1,0,0.99710166,0.001485341,0.0014130196,0,0.9924476,0.0059706504,0.001581705,0,0.9986364,0.0002375282,0.001126094,0,0.9972818,0.0006663363,0.0020518762,0,0.997969,0.00041846064,0.0016126467,0,0.99917346,0.00013372941,0.0006927765
XBY45152.1,0,0.9973076,0.00027825678,0.0024141457,0,0.9963761,0.00048855663,0.003135383,0,0.9977951,0.00020427318,0.002000674,0,0.9971834,0.0003238648,0.002492736,0,0.9968016,0.00029690308,0.0029014568,0,0.99838185,7.768623e-05,0.0015404782
XBY42848.1,0,0.99656314,0.00046031075,0.0029765149,0,0.9951196,0.00095805177,0.0039223614,0,0.996912,0.0003242828,0.0027636343,0,0.99666166,0.00046170678,0.0028766305,0,0.99588263,0.00045918374,0.003658199,0,0.99824,9.832867e-05,0.0016617494
XBY46327.1,0,0.9986213,0.00023830173,0.0011403665,0,0.9986173,0.00041459166,0.00096807117,0,0.9984927,0.00021061624,0.0012966932,0,0.9982357,0.0002816441,0.001482597,0,0.9982664,0.00025510567,0.0014784631,0,0.99949443,2.9551027e-05,0.0004760081
XBY46376.1,0,0.99794614,0.00041504443,0.0016388359,0,0.9977952,0.0008072916,0.0013974853,0,0.99850625,0.00018984383,0.001303874,0,0.9972874,0.000456677,0.002256009,0,0.9970571,0.00052718335,0.002415824,0,0.99908483,9.422643e-05,0.0008209869
XBY43399.1,0,0.99537975,0.00040522468,0.0042150565,0,0.9937489,0.0005326969,0.0057184305,0,0.995799,0.00039325873,0.0038077086,0,0.9952023,0.00044146043,0.00435621,0,0.9941784,0.0005807317,0.005240821,0,0.9979699,7.797558e-05,0.0019521124
XBY45084.1,0,0.9964935,0.00084757654,0.002658875,0,0.99524695,0.002126548,0.0026264999,0,0.9962864,0.0006054116,0.003108261,0,0.99702257,0.0005608268,0.0024165504,0,0.9959352,0.0006938411,0.0033709102,0,0.9979766,0.00025125567,0.001772153
XBY45074.1,0,0.99800503,0.0003360837,0.0016589243,0,0.99776256,0.00069923705,0.0015381448,0,0.9983569,0.00020818776,0.0014349335,0,0.99763346,0.00037040777,0.001996111,0,0.9971506,0.00034584256,0.0025035976,0,0.9991215,5.6743385e-05,0.00082183443
XBY43455.1,0,0.9981368,0.0002465116,0.0016166171,0,0.9981055,0.00040724623,0.001487226,0,0.9986743,0.00014684908,0.0011789548,0,0.9974663,0.00032778227,0.002205861,0,0.99732506,0.0003042257,0.0023707044,0,0.99911314,4.645474e-05,0.0008403396
XBY45838.1,0,0.99733895,0.00039235255,0.0022686995,0,0.9968726,0.0006457063,0.002481612,0,0.998126,0.00021792343,0.0016560814,0,0.996599,0.00047261355,0.0029283445,0,0.99607253,0.0005728979,0.0033545566,0,0.9990245,5.2621697e-05,0.0009229034
XBY43784.1,0,0.99670124,0.0005330548,0.0027656455,0,0.9957703,0.0012126099,0.0030171042,0,0.99738103,0.00032174858,0.0022971889,0,0.9960317,0.0005012846,0.0034669947,0,0.9955766,0.00055102713,0.0038723983,0,0.9987469,7.8603945e-05,0.0011745408
XBY45871.1,0,0.99851483,0.00037308972,0.0011120003,0,0.9980708,0.0009608284,0.0009683984,0,0.99893266,0.00015366438,0.0009136619,0,0.99825567,0.00031934277,0.0014248991,0,0.9980568,0.00035867785,0.0015843859,0,0.99925846,7.293516e-05,0.0006686561
XBY43794.1,0,0.9988388,0.0005087923,0.0006524056,0,0.99755764,0.0018321375,0.0006102066,0,0.99940884,0.00010105175,0.00049008784,0,0.99885464,0.00028716368,0.00085811975,0,0.99884725,0.00021740126,0.0009352956,0,0.99952555,0.00010620732,0.00036831817
XBY43231.1,0,0.9920014,0.0006698838,0.0073286938,0,0.9865979,0.0012142751,0.012187861,0,0.9934769,0.0005931481,0.0059299567,0,0.99132884,0.00069000944,0.007981162,0,0.99163157,0.000731676,0.0076367445,0,0.99697196,0.00012031041,0.002907744
XBY46085.1,0,0.9935131,0.003908611,0.0025782397,0,0.9799732,0.016365958,0.0036608307,0,0.9979327,0.0003732878,0.0016940894,0,0.996223,0.0010173225,0.0027597274,0,0.99436426,0.0016712022,0.003964539,0,0.9990727,0.00011528287,0.0008120114
XBY45279.1,0,0.9953903,0.0014830768,0.0031266324,0,0.99106836,0.0048351926,0.0040964703,0,0.99697936,0.0004831458,0.0025375192,0,0.9953602,0.0009592924,0.003680515,0,0.9951351,0.0009657693,0.003899061,0,0.9984085,0.00017198366,0.0014195971
XBY46223.1,0,0.99777746,0.0004355391,0.0017869556,0,0.9971209,0.00095149793,0.0019275902,0,0.9987459,0.00016671445,0.001087349,0,0.99715817,0.00044668262,0.0023951062,0,0.99670726,0.00054979837,0.0027430158,0,0.9991553,6.300222e-05,0.0007817168
XBY46455.1,0,0.9959046,0.002114665,0.001980726,0,0.98956454,0.008148581,0.002286925,0,0.9983069,0.00034779144,0.0013453296,0,0.99668413,0.0008878017,0.0024280418,0,0.9959122,0.001061115,0.003026705,0,0.9990553,0.00012803532,0.0008166281
XBY45032.1,0,0.99764,0.00074297085,0.001616996,0,0.9963832,0.0020063054,0.001610561,0,0.9983577,0.00030150177,0.0013408189,0,0.99749917,0.0005551228,0.001945733,0,0.99656135,0.00078488764,0.0026537573,0,0.9993988,6.7036715e-05,0.00053410995
XBY43891.1,0,0.99845535,0.0001915863,0.0013530602,0,0.9984049,0.0003635115,0.001231618,0,0.99833053,0.00015785679,0.0015116291,0,0.99827635,0.00020138502,0.0015222969,0,0.99809533,0.00018817549,0.0017164189,0,0.9991696,4.7002748e-05,0.0007833381
XBY45815.1,0,0.9859989,0.011943274,0.002057868,0,0.94079965,0.056083873,0.0031165073,0,0.99841356,0.00036691682,0.0012194944,0,0.99534863,0.0017884845,0.0028629482,0,0.99630034,0.0012745421,0.0024251437,0,0.9991322,0.00020255525,0.00066524657
XBY45187.1,0,0.9981953,0.00036705192,0.0014377155,0,0.9978423,0.00079803396,0.0013596297,0,0.9980044,0.00025977616,0.0017358154,0,0.9981256,0.00033597497,0.0015384199,0,0.9977774,0.0003928944,0.0018297113,0,0.99922645,4.858016e-05,0.0007250013
XBY45683.1,0,0.99632037,0.0008490739,0.002830496,0,0.9951198,0.0018701651,0.0030100164,0,0.99728465,0.00045005378,0.0022652505,0,0.99627554,0.0007119513,0.003012426,0,0.99402976,0.0011096237,0.0048606507,0,0.99889225,0.000103575745,0.0010041357
XBY45135.1,0,0.9978186,0.00040169078,0.0017797102,0,0.9976406,0.00078445807,0.0015749396,0,0.9977958,0.00026568962,0.0019384944,0,0.9970636,0.00048955437,0.0024468487,0,0.99745494,0.00041392076,0.002131146,0,0.9991381,5.483122e-05,0.00080712175
XBY43913.1,0,0.9969772,0.0008475174,0.0021752892,0,0.99466586,0.0027275267,0.0026066347,0,0.99749446,0.00039497935,0.0021105208,0,0.99697936,0.00059125625,0.0024294318,0,0.99691147,0.0004128069,0.0026756993,0,0.9988349,0.0001110179,0.0010541596
XBY44307.1,0,0.9960145,0.0003810742,0.0036044307,0,0.9946464,0.0005508749,0.0048027686,0,0.99745876,0.00023310458,0.002308263,0,0.9941766,0.00058736885,0.0052359533,0,0.9957326,0.00045981538,0.0038075852,0,0.99805814,7.4207295e-05,0.0018675838
XBY43584.1,0,0.99877673,0.00020668672,0.0010165435,0,0.99877876,0.00039041796,0.000830787,0,0.9991198,0.00010079243,0.00077938556,0,0.99848086,0.0002415866,0.0012775526,0,0.99814653,0.00025485936,0.0015985619,0,0.9993579,4.5777328e-05,0.00059643004
XBY43244.1,0,0.9876974,0.003130576,0.009172047,0,0.9811225,0.007660821,0.011216692,0,0.98905087,0.0019724276,0.008976787,0,0.9880205,0.00254127,0.009438283,0,0.98384804,0.0031509234,0.013001044,0,0.9964451,0.00032743762,0.003227423
XBY45177.1,0,0.99864995,0.00025895095,0.0010910648,0,0.99823195,0.00065349496,0.0011145723,0,0.99878746,0.00016568114,0.0010468625,0,0.9984877,0.0002293137,0.0012829164,0,0.99824846,0.00021662973,0.0015349657,0,0.9994943,2.9635294e-05,0.0004760069
XBY42787.1,0,0.9982337,0.0004454189,0.0013208839,0,0.9978417,0.0010666634,0.0010915677,0,0.9988751,0.00016538719,0.0009594922,0,0.99723285,0.0005863768,0.0021807412,0,0.99778324,0.00037084197,0.0018459667,0,0.9994356,3.782527e-05,0.0005266512
XBY45268.1,0,0.99698496,0.0006586927,0.0023563453,0,0.99556905,0.0015877461,0.002843294,0,0.9974606,0.00034977478,0.0021895824,0,0.9969151,0.0005115278,0.0025734326,0,0.99599826,0.00077703316,0.00322477,0,0.9989819,6.738145e-05,0.0009506482
XBY45464.1,0,0.9974326,0.0009578327,0.0016096218,0,0.9950531,0.0031850138,0.0017618974,0,0.9983119,0.0002888372,0.0013992514,0,0.9972652,0.0006075874,0.0021271864,0,0.9978517,0.0003828941,0.0017653934,0,0.9986809,0.00032483094,0.0009943809
XBY46443.1,0,0.9914128,0.0030857194,0.005501479,0,0.98451763,0.009167109,0.0063152118,0,0.9937391,0.0011890545,0.0050718933,0,0.9926964,0.0017877115,0.0055159363,0,0.9882587,0.0030784372,0.008662755,0,0.9978522,0.00020628431,0.0019415994
XBY43060.1,0,0.9977992,0.00041963105,0.0017811309,0,0.9975968,0.00079462444,0.0016085845,0,0.99819547,0.00025858227,0.0015459858,0,0.99704665,0.0004838281,0.0024694572,0,0.99691135,0.0005079466,0.0025807663,0,0.999246,5.3173808e-05,0.0007008612
XBY46015.1,0,0.9904357,0.00065148703,0.008912877,0,0.98634714,0.0006210484,0.013031876,0,0.98929954,0.00078984705,0.009910687,0,0.9897311,0.00087350706,0.009395425,0,0.9905421,0.00084540364,0.00861253,0,0.9962585,0.00012762891,0.0036138704
XBY43666.1,0,0.9978736,0.0012219527,0.0009044485,0,0.9937636,0.005162606,0.0010737714,0,0.9987728,0.00025133556,0.0009758637,0,0.99881977,0.00029472122,0.00088551175,0,0.9986708,0.000279973,0.0010491947,0,0.99934095,0.00012112846,0.00053790095
XBY46214.1,0,0.99692714,0.0011794736,0.0018933367,0,0.9936465,0.0041628717,0.0021907012,0,0.9985971,0.00024867465,0.0011542855,0,0.9968004,0.00069722167,0.0025023913,0,0.99646413,0.00068651646,0.0028494122,0,0.99912804,0.00010208335,0.00076989323
XBY45633.1,0,0.78177106,0.0035950944,0.21463387,0,0.7333741,0.0035864753,0.26303947,0,0.8635888,0.004587675,0.13182355,2,0.4895803,0.003686192,0.50673354,0,0.85759753,0.0052916235,0.13711092,0,0.9647146,0.00082350575,0.034461845
XBY43040.1,0,0.9941031,0.0018409898,0.0040560067,0,0.99429333,0.002728789,0.0029779398,0,0.9930213,0.0018970984,0.0050815367,0,0.993335,0.0020382563,0.0046266676,0,0.99460983,0.0014869822,0.0039032178,0,0.99525553,0.0010538235,0.0036906707
XBY46204.1,0,0.99557793,0.0022721342,0.0021499218,0,0.98937106,0.008355145,0.002273771,0,0.9980203,0.00038884743,0.0015908844,0,0.99656075,0.0009719053,0.002467343,0,0.9953778,0.0013197992,0.0033024368,0,0.9985599,0.00032497375,0.0011151739
XBY45422.1,0,0.9965021,0.00085215445,0.0026457224,0,0.99526656,0.0020929475,0.0026405684,0,0.99589705,0.00069624174,0.0034066478,0,0.9978017,0.00042443894,0.001773802,0,0.99642724,0.0006795564,0.0028932136,0,0.9971181,0.0003675877,0.0025143814
XBY43691.1,0,0.99874246,0.00019091755,0.0010666271,0,0.99900347,0.00027025308,0.000726339,0,0.9989957,0.00012058556,0.0008836476,0,0.9982116,0.00029147332,0.0014970175,0,0.99849486,0.00019513907,0.0013100881,0,0.9990068,7.7136756e-05,0.0009160431
XBY45679.1,0,0.9977479,0.00031078386,0.0019413583,0,0.9974611,0.0004390413,0.002099856,0,0.9975048,0.00032567725,0.0021694906,0,0.99753976,0.00042155007,0.0020387552,0,0.9974468,0.0003101331,0.0022431584,0,0.998787,5.751753e-05,0.0011555306
XBY46440.1,0,0.9981637,0.00040996014,0.0014263748,0,0.9976453,0.0009391694,0.0014155376,0,0.9987601,0.00018137679,0.0010585363,0,0.9975399,0.0004810662,0.001979131,0,0.9974445,0.00041362122,0.0021417765,0,0.9994286,3.45672e-05,0.00053689233
XBY44248.1,0,0.99442405,0.0005502193,0.0050257873,0,0.99194664,0.0008434779,0.00720984,0,0.99285215,0.0007015272,0.0064463215,0,0.9952512,0.0005453638,0.004203464,0,0.99448025,0.00054869184,0.004971147,0,0.9975898,0.00011203566,0.0022981628
XBY44174.1,0,0.9989604,0.00028030772,0.0007593316,0,0.9986083,0.00074443076,0.00064730947,0,0.99930096,9.1881244e-05,0.0006072377,0,0.9987676,0.0002427226,0.0009896468,0,0.9985404,0.0002875301,0.001171967,0,0.9995845,3.4973855e-05,0.00038049713
XBY42869.1,0,0.9974332,0.0005911171,0.0019756434,0,0.9972805,0.001136962,0.001582457,0,0.9978149,0.00036320646,0.0018219233,0,0.9955831,0.00095787074,0.0034589947,0,0.9975313,0.00039447407,0.0020742174,0,0.9989562,0.00010307204,0.00094062457
XBY43995.1,0,0.9992868,0.00012102339,0.0005921699,0,0.9994066,0.0001965535,0.00039684796,0,0.99945956,6.2618696e-05,0.0004777294,0,0.9989083,0.00019396962,0.00089774426,0,0.99916387,0.000116389725,0.0007197547,0,0.9994956,3.55854e-05,0.000468773
XBY45587.1,0,0.9978253,0.00029233436,0.0018823063,0,0.99785763,0.0005011744,0.0016411969,0,0.9978528,0.00023311975,0.0019141037,0,0.99747425,0.00034647636,0.0021792252,0,0.9971746,0.00030756177,0.0025178075,0,0.9987675,7.333947e-05,0.0011591982
XBY43901.1,0,0.99814385,0.00026273474,0.0015934104,0,0.99781823,0.0004961909,0.0016856209,0,0.99846554,0.0001608123,0.0013736463,0,0.9976587,0.00032602026,0.0020152903,0,0.9979007,0.00026056543,0.0018387209,0,0.99887604,7.0084796e-05,0.0010537734
XBY43094.1,0,0.9977706,0.0006156624,0.0016137473,0,0.99698883,0.0015167659,0.001494483,0,0.9977984,0.00039180633,0.0018097351,0,0.99791604,0.00044522795,0.0016387411,0,0.9976593,0.00046804876,0.0018726398,0,0.99849033,0.00025646298,0.0012531383
XBY43359.1,0,0.99809206,0.00040311023,0.0015048486,0,0.99728405,0.0011526919,0.0015632642,0,0.9986162,0.00017553642,0.0012081522,0,0.9978155,0.00032438766,0.0018601787,0,0.997465,0.00031540392,0.0022195512,0,0.99927944,4.7531154e-05,0.00067309727
XBY42960.1,0,0.99842894,0.00021833736,0.0013527086,0,0.9982412,0.00038785933,0.0013710163,0,0.99887997,0.00012753494,0.00099245,0,0.9979596,0.00027334428,0.0017670253,0,0.9976399,0.000273567,0.002086555,0,0.9994241,2.938119e-05,0.0005464963
XBY45715.1,0,0.9971072,0.00061676,0.002276012,0,0.9954276,0.0016498388,0.0029226136,0,0.99776244,0.0002855799,0.0019519594,0,0.99694544,0.0005489206,0.002505632,0,0.99656785,0.0005191472,0.002913024,0,0.99883276,8.031359e-05,0.0010868298
XBY46642.1,0,0.997091,0.001314437,0.0015944988,0,0.992955,0.0051925923,0.0018523324,0,0.99866605,0.00019195306,0.0011420159,0,0.99704605,0.0006378237,0.0023161573,0,0.9975586,0.00048528018,0.0019561092,0,0.99922955,6.453614e-05,0.0007058789
XBY45614.1,0,0.9979391,0.00041597112,0.0016449653,0,0.9971451,0.0010734355,0.0017815466,0,0.9984352,0.0001875896,0.0013772236,0,0.9974669,0.00040317044,0.002129864,0,0.9978582,0.0003247646,0.0018170571,0,0.9987901,9.0895424e-05,0.0011191348
XBY46585.1,0,0.9965967,0.0011570288,0.0022462434,0,0.9938352,0.0035394286,0.0026253744,0,0.99793917,0.0003408121,0.0017199788,0,0.99668914,0.00066328706,0.0026475447,0,0.9953809,0.0011730146,0.0034460349,0,0.9991391,6.8601286e-05,0.0007922839
XBY42814.1,0,0.9990419,0.00041612634,0.0005419804,0,0.99795806,0.0015342763,0.0005076231,0,0.9994493,8.2480554e-05,0.00046824326,0,0.99913627,0.00020401376,0.0006597802,0,0.9990501,0.0001974135,0.00075249095,0,0.9996158,6.244741e-05,0.00032176447
XBY42872.1,0,0.99684507,0.00041747783,0.002737524,0,0.9962908,0.00071452145,0.0029947243,0,0.99691343,0.00033707538,0.002749486,0,0.9964629,0.0004997751,0.00303742,0,0.99618196,0.0004256393,0.0033924233,0,0.99837613,0.00011037786,0.0015135661
XBY46632.1,0,0.98590314,0.0037619527,0.0103349155,0,0.97537166,0.009791947,0.01483641,0,0.9912622,0.0014701486,0.00726762,0,0.98676,0.0023740737,0.010865903,0,0.9813934,0.004428674,0.014177892,0,0.9947284,0.00074492005,0.004526754
XBY43013.1,0,0.9986477,0.00012356696,0.0012286912,0,0.9984232,0.00020362195,0.0013731691,0,0.99864835,0.00010631244,0.0012454173,0,0.9986199,0.0001350599,0.0012449436,0,0.99828833,0.00014524399,0.0015664361,0,0.9992588,2.7596561e-05,0.0007134896
XBY46689.1,0,0.99784166,0.0009037714,0.001254625,0,0.9954079,0.0032366312,0.0013555108,0,0.9988065,0.00017553604,0.0010180287,0,0.99820375,0.00036724153,0.0014290081,0,0.9974025,0.0006720333,0.0019255124,0,0.9993875,6.741473e-05,0.00054506527
XBY45371.1,0,0.9987668,0.00014693313,0.0010862394,0,0.99864477,0.00025873614,0.0010965111,0,0.9989201,0.00010003308,0.0009798836,0,0.9984603,0.00017789075,0.0013618126,0,0.9985164,0.00016245803,0.0013210889,0,0.9992926,3.5547648e-05,0.0006719001
XBY46321.1,0,0.998701,0.0004638962,0.0008350946,0,0.99753153,0.0016253487,0.00084312947,0,0.9992555,0.00010298156,0.00064146705,0,0.9986534,0.00025135465,0.0010951965,0,0.9985366,0.000287167,0.0011763093,0,0.99952793,5.2629035e-05,0.0004193708
XBY44295.1,0,0.99638987,0.001137212,0.0024729376,0,0.9939902,0.0032861587,0.0027236433,0,0.99768317,0.00037475946,0.0019420668,0,0.9962708,0.0007100121,0.0030192453,0,0.9949543,0.0012346836,0.0038109843,0,0.9990508,8.044627e-05,0.0008687485
XBY43122.1,0,0.99732673,0.00043418267,0.002239062,0,0.9970878,0.00091320026,0.0019989985,0,0.9977404,0.0002921011,0.0019674525,0,0.9967861,0.000452896,0.0027610844,0,0.99605477,0.00045930775,0.0034859765,0,0.9989649,5.340825e-05,0.0009817971
XBY45868.1,0,0.99845934,0.00028101448,0.0012596289,0,0.99819404,0.0006173549,0.001188607,0,0.99899346,0.00013104148,0.0008755549,0,0.9980392,0.00027330717,0.0016875883,0,0.9977882,0.00032902008,0.0018827921,0,0.99928206,5.434878e-05,0.0006636027
XBY46572.1,0,0.9935954,0.00095797936,0.0054466585,0,0.9912515,0.0018079036,0.006940503,0,0.9930305,0.000809494,0.006160112,0,0.9925525,0.0012154786,0.006232019,0,0.9935323,0.0008035108,0.0056642215,0,0.99761,0.00015350997,0.0022364357
XBY46416.1,0,0.9961427,0.0009725919,0.0028846958,0,0.9937682,0.0024677338,0.0037640596,0,0.9974026,0.00040093542,0.0021963792,0,0.9955317,0.000891015,0.003577221,0,0.9952956,0.001005732,0.003698622,0,0.9987153,9.754348e-05,0.0011871969
XBY45731.1,0,0.9973847,0.00032281323,0.0022924866,0,0.9972644,0.000545665,0.0021899855,0,0.99775875,0.00024944503,0.0019918554,0,0.99642533,0.00045660825,0.0031180903,0,0.99676067,0.00030277597,0.0029365385,0,0.99871457,5.957185e-05,0.0012259628
XBY46325.1,0,0.9990627,0.00014694613,0.00079033896,0,0.9989587,0.00027278473,0.0007684659,0,0.99913126,9.0375695e-05,0.00077833195,0,0.9989128,0.00018664192,0.00090063136,0,0.99887365,0.00014618611,0.0009801195,0,0.99943715,3.87422e-05,0.0005241465
XBY46202.1,0,0.9983422,0.00025507266,0.0014026944,0,0.99814737,0.00048529854,0.0013673046,0,0.99887973,0.00011896497,0.0010013556,0,0.9979672,0.00028232124,0.0017504265,0,0.99751174,0.0003394411,0.0021487116,0,0.99920505,4.93375e-05,0.00074567384
XBY42818.1,0,0.99000895,0.005342777,0.0046483027,0,0.97669995,0.017902792,0.0053972625,0,0.99626344,0.00090803724,0.002828506,0,0.9878498,0.0049622157,0.0071880342,0,0.9907312,0.00272659,0.006542231,0,0.9985002,0.0002142488,0.001285478
XBY46488.1,0,0.99683154,0.0009145605,0.0022539548,0,0.9954125,0.002320979,0.0022664936,0,0.998106,0.00034075745,0.0015531562,0,0.99612075,0.00084343133,0.0030358215,0,0.99554765,0.0009677807,0.0034844773,0,0.9989704,9.9853874e-05,0.0009298258
XBY45664.1,0,0.9988596,0.00020075627,0.00093961123,0,0.9987276,0.00043404038,0.00083830516,0,0.9991116,9.747281e-05,0.00079098326,0,0.99857366,0.00020862215,0.0012176015,0,0.99843687,0.00022946061,0.0013336971,0,0.99944836,3.4185432e-05,0.0005174693
XBY45669.1,0,0.9962758,0.00036485534,0.0033593555,0,0.9951149,0.0005339323,0.0043510967,0,0.99521184,0.00048144624,0.00430673,0,0.9963648,0.00039414765,0.003241167,0,0.99603784,0.00036211056,0.0036000174,0,0.99864966,5.263984e-05,0.0012977674
XBY42851.1,0,0.9990261,0.00017412614,0.000799806,0,0.9991829,0.000294371,0.0005227558,0,0.9993293,7.627754e-05,0.0005944488,0,0.9985109,0.00026547897,0.0012236735,0,0.9988092,0.00018437431,0.0010064178,0,0.9992981,5.0128823e-05,0.0006517341
XBY43336.1,0,0.99852675,0.0002745775,0.0011986472,0,0.9984572,0.0005922575,0.0009505436,0,0.9985795,0.00018014843,0.0012403989,0,0.9981963,0.0003027001,0.0015009822,0,0.9982134,0.0002427219,0.0015438816,0,0.9991875,5.5059732e-05,0.0007574299
XBY43954.1,0,0.99551487,0.002330614,0.00215446,0,0.98865217,0.0087992735,0.0025485104,0,0.99698144,0.0006920231,0.0023265178,0,0.9969896,0.0008171171,0.0021932295,0,0.9972711,0.0006554269,0.0020734123,0,0.9976801,0.00068923016,0.0016306293
XBY45611.1,0,0.99905044,0.00037893053,0.0005705853,0,0.99823254,0.0012629585,0.00050451513,0,0.99944955,9.2580405e-05,0.00045783646,0,0.9989134,0.00028432085,0.0008021953,0,0.99905854,0.00019176462,0.0007496967,0,0.9995983,6.302824e-05,0.00033868288
XBY43354.1,0,0.9974038,0.000471362,0.0021248306,0,0.99664295,0.001033958,0.0023230533,0,0.9984425,0.0002018044,0.0013557393,0,0.9967439,0.00048102174,0.0027751105,0,0.9963827,0.00055180467,0.0030654124,0,0.99880695,8.822109e-05,0.0011048364
XBY44843.1,0,0.99820936,0.0006292674,0.0011612668,0,0.9968021,0.0020801537,0.0011177028,0,0.998852,0.00017001238,0.0009779396,0,0.99804544,0.00040512916,0.0015493865,0,0.9980111,0.0004137268,0.0015750147,0,0.9993364,7.731513e-05,0.000586291
XBY45395.1,0,0.9978434,0.00040809726,0.00174847,0,0.9970341,0.0010245375,0.0019414437,0,0.9985629,0.0001585177,0.0012785504,0,0.9974988,0.00039606364,0.0021051096,0,0.9970155,0.0004045899,0.002579947,0,0.9991059,5.677758e-05,0.0008372993
XBY46035.1,0,0.9974413,0.0003949864,0.0021637026,0,0.99710435,0.00085293886,0.0020426605,0,0.9975031,0.00029531735,0.0022014764,0,0.9973001,0.00034222557,0.0023577008,0,0.99639016,0.00042443513,0.0031854683,0,0.99890876,6.0014965e-05,0.0010312068
XBY46379.1,0,0.9991869,0.00017554141,0.0006375677,0,0.9989786,0.0004744512,0.0005469517,0,0.99947673,5.6045723e-05,0.00046728583,0,0.99887496,0.00017368166,0.0009512593,0,0.9989806,0.00014244,0.000876989,0,0.99962354,3.1088504e-05,0.00034535304
XBY45887.1,0,0.998273,0.00075612357,0.0009708995,0,0.9962521,0.002794779,0.0009530917,0,0.9990163,0.00015992118,0.0008237649,0,0.9982912,0.0004007742,0.001307954,0,0.99837226,0.00034546346,0.0012822403,0,0.99943286,7.9680205e-05,0.00048744687
XBY46143.1,0,0.99834156,0.00023900927,0.0014193759,0,0.9983261,0.00045954672,0.001214365,0,0.9985831,0.00014837125,0.001268561,0,0.99794275,0.00025697288,0.0018002944,0,0.997633,0.0002902736,0.00207671,0,0.9992231,3.9881936e-05,0.0007369492
XBY46052.1,0,0.9988114,0.00016511793,0.001023452,0,0.998689,0.0003008156,0.001010187,0,0.9989096,0.00012891687,0.00096145616,0,0.99854636,0.00019503024,0.0012586756,0,0.9983082,0.00018414619,0.0015077317,0,0.99960417,1.668067e-05,0.00037920976
XBY44193.1,0,0.998059,0.0005623044,0.0013787088,0,0.99717283,0.0015046344,0.0013224902,0,0.9984913,0.0002362704,0.0012724062,0,0.99750704,0.00060861686,0.0018843792,0,0.9982651,0.00029859412,0.0014363711,0,0.9988587,0.00016340641,0.0009778977
XBY44419.1,0,0.99757767,0.0004085005,0.0020138307,0,0.9976325,0.00061338476,0.0017540657,0,0.99746406,0.00032773087,0.0022081786,0,0.9969892,0.0005607219,0.0024501206,0,0.9970198,0.00045246788,0.0025276493,0,0.9987827,8.819699e-05,0.001129139
XBY45362.1,0,0.99854785,0.000457438,0.0009947175,0,0.9977203,0.001376347,0.00090328883,0,0.99892104,0.00018266082,0.00089629536,0,0.9983236,0.00037043117,0.0013058733,0,0.99855226,0.00024964937,0.0011981045,0,0.9992218,0.000108101405,0.000670025
XBY46125.1,0,0.99749506,0.0010264888,0.0014784102,0,0.99465585,0.0036451188,0.001698975,0,0.99877185,0.00022534473,0.0010027105,0,0.99758005,0.0005526225,0.0018673497,0,0.99720275,0.0006268646,0.0021704487,0,0.9992649,8.249381e-05,0.0006525673
XBY46993.1,0,0.99882126,0.00015965343,0.0010191692,0,0.9988668,0.00029736277,0.0008358991,0,0.99927014,7.305254e-05,0.0006568418,0,0.99818015,0.00021502412,0.0016048488,0,0.99827576,0.00019029444,0.0015339913,0,0.99951327,2.2533282e-05,0.00046426544
XBY46542.1,0,0.9984249,0.0002750713,0.0012999584,0,0.9981559,0.0006401245,0.0012038823,0,0.9987117,0.0001490415,0.0011391898,0,0.9982152,0.00027209212,0.0015127045,0,0.9976705,0.00027685618,0.0020526103,0,0.99937135,3.72422e-05,0.00059140555
XBY43388.1,0,0.99882567,0.00024543417,0.0009289173,0,0.9986248,0.00055918575,0.00081609096,0,0.9991136,0.00010676045,0.00077965885,0,0.9986137,0.00024117169,0.0011450587,0,0.9982508,0.00028293845,0.0014661795,0,0.9995253,3.711454e-05,0.00043759885
XBY43933.1,0,0.99397004,0.004325111,0.001704862,0,0.97750276,0.019802416,0.002694806,0,0.99863464,0.00026809392,0.0010972876,0,0.9973574,0.000707377,0.0019351349,0,0.9970137,0.00075031974,0.0022359376,0,0.99934155,9.734799e-05,0.000561143
XBY43221.1,0,0.9986575,0.00047046674,0.00087205943,0,0.99749196,0.0016033003,0.0009047906,0,0.9989108,0.00015704193,0.0009321964,0,0.9988539,0.000252123,0.0008939952,0,0.9985415,0.00029412587,0.0011644048,0,0.9994893,4.5742498e-05,0.00046491006
XBY44647.1,0,0.99734324,0.00065191847,0.0020048611,0,0.9961617,0.0016633074,0.0021749353,0,0.998546,0.00021377346,0.0012402437,0,0.9970119,0.00055327854,0.0024347974,0,0.99585223,0.00076222036,0.003385516,0,0.9991441,6.7012406e-05,0.00078881305
XBY43998.1,0,0.994871,0.0009503284,0.004178643,0,0.99390996,0.0018192026,0.0042708716,0,0.9954319,0.00066256797,0.003905438,0,0.9947265,0.00086491316,0.004408636,0,0.9918727,0.0013003951,0.0068268524,0,0.9984139,0.00010456344,0.0014814178
XBY43063.1,0,0.99585515,0.0011639063,0.0029809787,0,0.9948521,0.0025484697,0.002599383,0,0.9968354,0.00051775656,0.0026468667,0,0.99475396,0.001360925,0.003885126,0,0.99706024,0.00060493936,0.0023347782,0,0.99577373,0.00078744127,0.0034387396
XBY44587.1,0,0.9980836,0.0007416506,0.001174725,0,0.9962394,0.0024894287,0.0012711381,0,0.9990771,0.00016445562,0.00075847306,0,0.99782383,0.000509253,0.0016669489,0,0.99778974,0.00048822624,0.0017219604,0,0.999488,5.6889286e-05,0.00045510495
XBY46817.1,0,0.99619055,0.00049494347,0.003314502,0,0.99503773,0.0009424983,0.0040196865,0,0.9975163,0.00030053942,0.002183258,0,0.9947743,0.0005746151,0.0046510505,0,0.99512464,0.00058407563,0.0042912597,0,0.99849975,7.2988914e-05,0.0014272564
XBY45585.1,0,0.99779356,0.00084002846,0.001366393,0,0.99579656,0.0029243492,0.0012790597,0,0.9989819,0.00016287515,0.00085511885,0,0.9973098,0.00053604797,0.0021541016,0,0.9974765,0.00052298285,0.002000518,0,0.999403,5.3887423e-05,0.0005431662
XBY45878.1,0,0.9786399,0.01671847,0.004641538,0,0.9213923,0.07169846,0.006909246,0,0.9952678,0.0014291585,0.0033029318,0,0.9918412,0.003329804,0.004828991,0,0.98622155,0.0068134507,0.006964997,0,0.9984769,0.00032147727,0.0012015254
XBY46624.1,0,0.9960003,0.0017456651,0.002254062,0,0.9908977,0.006555226,0.0025471556,0,0.9978116,0.00036679386,0.001821543,0,0.9955728,0.0009958514,0.003431262,0,0.9969829,0.00062990765,0.0023872282,0,0.99873644,0.00018054654,0.0010831213
XBY44442.1,0,0.9977026,0.0005571139,0.0017403096,0,0.9967675,0.0015703823,0.0016620563,0,0.99825615,0.00022889655,0.0015150516,0,0.9977112,0.00041601874,0.0018727906,0,0.9971752,0.00042798507,0.002396779,0,0.9986029,0.00014228704,0.0012548701
XBY44710.1,0,0.9973794,0.0006018348,0.002018783,0,0.99633056,0.0016660836,0.0020032865,0,0.998473,0.00019754838,0.0013294499,0,0.99650866,0.0005717598,0.0029196204,0,0.9966132,0.00049923884,0.0028875617,0,0.99897146,7.454344e-05,0.00095399626
XBY43781.1,0,0.9967594,0.000529411,0.0027112127,0,0.9960077,0.0010362873,0.0029560078,0,0.99762625,0.0003379683,0.0020357792,0,0.9965173,0.00051308423,0.0029696496,0,0.99478453,0.00068019016,0.0045353146,0,0.9988612,7.9524965e-05,0.0010593121
XBY43017.1,0,0.9983875,0.00027062307,0.0013419004,0,0.99811375,0.00060030515,0.0012859673,0,0.9988493,0.00014055261,0.001010191,0,0.99812406,0.00025882752,0.0016171823,0,0.9977704,0.00028261464,0.0019469463,0,0.99907994,7.0815375e-05,0.0008492155
XBY46371.1,0,0.99427235,0.002821849,0.0029058473,0,0.9854209,0.010795939,0.0037831478,0,0.9975914,0.00045930967,0.0019493806,0,0.99508375,0.0012291429,0.00368704,0,0.9943778,0.0014974487,0.0041246363,0,0.9988876,0.00012740449,0.000985033
XBY45137.1,0,0.99882805,0.00018088576,0.0009911038,0,0.9987112,0.0003853348,0.00090342783,0,0.9989104,0.00011502103,0.00097457884,0,0.99854976,0.00019178508,0.001258413,0,0.99847883,0.00018619095,0.0013350613,0,0.9994899,2.6097006e-05,0.00048403806
XBY45944.1,0,0.999225,0.00011711496,0.0006577916,0,0.9993344,0.00021302853,0.0004525231,0,0.9993666,6.49269e-05,0.000568468,0,0.99890876,0.000166727,0.0009245543,0,0.9991172,0.00010177935,0.0007809952,0,0.99939847,3.9113045e-05,0.0005624176
XBY46285.1,0,0.9953785,0.0013533005,0.0032681574,0,0.9914932,0.0041588787,0.004347761,0,0.99705434,0.0004632934,0.002482378,0,0.995826,0.00069265533,0.0034813404,0,0.99399996,0.0013324249,0.0046675443,0,0.998519,0.00011925045,0.0013617633
XBY42951.1,0,0.9975435,0.00059055653,0.0018659399,0,0.99625945,0.0015813018,0.0021592602,0,0.9985247,0.00018067379,0.0012945693,0,0.9969561,0.0005678467,0.0024760964,0,0.99706787,0.0005286156,0.0024035873,0,0.9989095,9.434494e-05,0.0009961867
XBY46162.1,0,0.99884576,0.00018829324,0.0009659544,0,0.9986319,0.0004264288,0.0009416141,0,0.9989736,0.00011317974,0.0009133104,0,0.99863464,0.00020058444,0.0011646978,0,0.99863297,0.0001661685,0.0012008683,0,0.9993556,3.5104775e-05,0.00060928124
XBY46796.1,0,0.99068105,0.0013850888,0.007933821,0,0.98468506,0.0029005161,0.012414378,0,0.9936552,0.0009056163,0.005439238,0,0.9892324,0.0014702056,0.009297397,0,0.9887107,0.0014610697,0.009828297,0,0.9971221,0.00018803576,0.0026897956
XBY45296.1,0,0.9988009,0.00019538656,0.001003746,0,0.9986634,0.0003744661,0.00096215843,0,0.99906605,0.00010664781,0.00082735956,0,0.9986656,0.00022268442,0.0011116831,0,0.99837327,0.00021756871,0.0014091805,0,0.9992361,5.556581e-05,0.00070834794
XBY44604.1,0,0.99645185,0.00041873482,0.0031294418,0,0.9956285,0.00079405104,0.003577543,0,0.9971148,0.00032301398,0.002562261,0,0.9959099,0.00044991882,0.0036401,0,0.9950217,0.0004651402,0.0045132274,0,0.9985844,6.155022e-05,0.0013540777
XBY43661.1,0,0.99890214,0.00033866617,0.0007592238,0,0.9982079,0.0010983592,0.0006937323,0,0.9990675,0.00014313504,0.0007894257,0,0.9989176,0.00020282311,0.00087970105,0,0.99884963,0.00018636812,0.0009640115,0,0.99946815,6.264533e-05,0.00046924877
XBY44338.1,0,0.9986429,0.00024604436,0.0011110173,0,0.99837154,0.0005461249,0.0010823354,0,0.99888986,0.00013964176,0.0009704413,0,0.998212,0.00028559388,0.001502501,0,0.99817276,0.000236447,0.0015908498,0,0.99956864,2.2414417e-05,0.00040895867
XBY44894.1,0,0.9980667,0.0006875655,0.001245724,0,0.99634784,0.0023259618,0.001326285,0,0.9987349,0.00018949331,0.0010755397,0,0.9980324,0.00039106567,0.0015765396,0,0.99780065,0.000488443,0.0017109064,0,0.9994178,4.2863492e-05,0.0005393493
XBY46769.1,0,0.99837095,0.000373185,0.001255857,0,0.9977875,0.0009370374,0.0012754626,0,0.99898034,0.00014119368,0.000878379,0,0.99796945,0.00034971052,0.001680789,0,0.997693,0.00039182423,0.0019151794,0,0.99942446,4.6159414e-05,0.00052947446
XBY46206.1,0,0.99486554,0.002046387,0.003088152,0,0.9881579,0.007616339,0.00422572,0,0.99695754,0.0004764846,0.0025660086,0,0.99476755,0.0010935114,0.0041389493,0,0.9958165,0.0009116212,0.0032718568,0,0.9986279,0.00013397851,0.001238225
XBY46114.1,0,0.9992186,0.00014019187,0.00064119254,0,0.9992623,0.00026412733,0.00047358175,0,0.9993618,7.872693e-05,0.00055943936,0,0.9990397,0.00016875066,0.00079146656,0,0.9990796,0.00011664159,0.0008037834,0,0.99934965,7.271283e-05,0.0005776917
XBY43622.1,0,0.9988903,0.00025697725,0.0008527261,0,0.9985538,0.00066663284,0.0007795475,0,0.9993728,8.700986e-05,0.00054025115,0,0.99848515,0.00026260078,0.0012523007,0,0.9984602,0.00023908175,0.0013006581,0,0.9995796,2.9561043e-05,0.0003908734
XBY44546.1,0,0.99450463,0.002062811,0.0034325179,0,0.9886902,0.00735793,0.003951908,0,0.9957445,0.0007382433,0.0035172726,0,0.9958883,0.0008276791,0.0032839985,0,0.9934307,0.0012849683,0.0052843615,0,0.9987697,0.000105233456,0.0011250485
XBY44144.1,0,0.9915735,0.0007530895,0.007673339,0,0.9869363,0.0011964225,0.0118672885,0,0.99401313,0.00057291635,0.005413945,0,0.99097943,0.00079675665,0.008223731,0,0.9893853,0.0010540799,0.009560594,0,0.99655354,0.00014527226,0.003301131
XBY44053.1,0,0.99845904,0.00021797707,0.0013229714,0,0.99833506,0.0004216253,0.0012432865,0,0.9985122,0.0001650925,0.0013226919,0,0.997931,0.0002494864,0.0018195107,0,0.9979844,0.00023366336,0.0017819157,0,0.9995326,2.0017851e-05,0.00044745192
XBY46137.1,0,0.99850035,0.0004710465,0.0010286063,0,0.99763715,0.001355319,0.0010075594,0,0.9989303,0.00016303333,0.000906636,0,0.99852824,0.0002958132,0.0011759581,0,0.99801207,0.00047311196,0.001514814,0,0.99939406,6.795492e-05,0.00053806393
XBY46543.1,0,0.995694,0.0009999189,0.0033060864,0,0.9932774,0.0025601278,0.004162526,0,0.9968689,0.0004704694,0.0026606286,0,0.99537355,0.00076386484,0.0038625768,0,0.99419975,0.001116979,0.004683205,0,0.9987503,8.815361e-05,0.0011614962
XBY44125.1,0,0.9989227,0.00015007968,0.0009271776,0,0.9989982,0.00022888524,0.00077284477,0,0.9988764,0.00013145994,0.0009921901,0,0.9984433,0.00023003569,0.0013266874,0,0.9988105,0.00013461898,0.001054874,0,0.99948525,2.5398536e-05,0.0004892917
XBY45071.1,0,0.99249613,0.0011666458,0.006337215,0,0.98788995,0.0027199273,0.009390195,0,0.99485296,0.00068777474,0.0044592656,0,0.99212074,0.0010108147,0.0068683727,0,0.9904304,0.0012544511,0.008315127,0,0.9971866,0.00016026132,0.0026531164
XBY43739.1,0,0.99793625,0.000266676,0.0017970785,0,0.9980842,0.00046255454,0.0014532076,0,0.99856156,0.00014275631,0.0012957404,0,0.99710554,0.00030661703,0.0025878232,0,0.99726665,0.0003332179,0.0024001552,0,0.9986633,8.8234316e-05,0.0012484667
XBY42860.1,0,0.99822235,0.0004573117,0.0013204247,0,0.99758196,0.0013047209,0.0011133581,0,0.9987393,0.00017585866,0.0010848114,0,0.99799514,0.00031611673,0.0016887648,0,0.9974948,0.00043574328,0.0020694903,0,0.99930024,5.411893e-05,0.000645699
XBY44083.1,0,0.99534166,0.0006702903,0.003987976,0,0.99444926,0.0012222204,0.0043285294,0,0.9957787,0.00047687712,0.003744519,0,0.995191,0.0007719101,0.0040370245,0,0.994406,0.00066814467,0.004925935,0,0.9968838,0.00021229932,0.0029038708
XBY43459.1,0,0.99915,0.00010741661,0.0007426133,0,0.9991666,0.00019751655,0.00063587644,0,0.999236,7.055536e-05,0.00069345575,0,0.99882513,0.00014871538,0.0010261288,0,0.99892247,0.00010161472,0.00097602664,0,0.99959975,1.868101e-05,0.00038157895
XBY45175.1,0,0.9960021,0.0006612638,0.0033365772,0,0.9958294,0.0012842026,0.0028863368,0,0.9951384,0.0005785907,0.0042830296,0,0.99524623,0.00071351,0.0040402045,0,0.9955478,0.00061975955,0.0038324469,0,0.9982488,0.00011025616,0.0016408673
XBY44435.1,0,0.9987758,0.0002123816,0.0010118538,0,0.9986274,0.0004894203,0.00088324473,0,0.9990305,0.000104219704,0.00086533854,0,0.9983188,0.00024028489,0.0014409678,0,0.99845433,0.00019466222,0.0013510496,0,0.999448,3.3320917e-05,0.00051866827
XBY43768.1,0,0.99764025,0.00061661616,0.0017431567,0,0.9966487,0.0015376736,0.001813608,0,0.9986524,0.00019788992,0.0011498217,0,0.99713707,0.0005572579,0.0023057004,0,0.99675316,0.0006971148,0.002549648,0,0.99900985,9.3144416e-05,0.00089700543
XBY44466.1,0,0.998728,0.0003658499,0.0009061694,0,0.99787354,0.0012028153,0.0009237234,0,0.99925476,9.5991316e-05,0.00064915954,0,0.998602,0.00023761176,0.0011604524,0,0.9984737,0.0002417649,0.0012845849,0,0.99943596,5.10662e-05,0.00051292696
XBY45326.1,0,0.9971318,0.00031277697,0.0025553901,0,0.9962649,0.00054336345,0.0031918318,0,0.9974612,0.0002508856,0.0022878875,0,0.99675107,0.0003551648,0.002893832,0,0.9964116,0.0003667969,0.0032216362,0,0.99877053,4.7674053e-05,0.0011817624
XBY43400.1,0,0.99882823,0.0001768314,0.0009950332,0,0.99864906,0.000347611,0.0010033965,0,0.9991843,8.988924e-05,0.0007257964,0,0.998638,0.00019344909,0.0011686148,0,0.99830097,0.00020529095,0.0014937593,0,0.9993685,4.7916667e-05,0.0005835986
XBY46621.1,0,0.9932048,0.004020977,0.0027742803,0,0.97988987,0.01658264,0.0035275142,0,0.9970209,0.00064843916,0.002330655,0,0.9956483,0.0011686507,0.0031830266,0,0.9946567,0.001496737,0.00384661,0,0.998808,0.00020841774,0.0009835963
XBY46593.1,0,0.99777144,0.0004586047,0.0017699988,0,0.99685425,0.0012830849,0.0018627124,0,0.9985677,0.00017277543,0.0012595889,0,0.99720913,0.00040253,0.0023884075,0,0.99701905,0.000383279,0.002597684,0,0.9992071,5.1354185e-05,0.0007416017
XBY42895.1,0,0.99872476,0.00061085017,0.0006643451,0,0.9969709,0.0023803397,0.0006487558,0,0.999405,8.786632e-05,0.0005069984,0,0.9989033,0.00025621618,0.0008404861,0,0.99883205,0.0002314242,0.0009365059,0,0.99951255,9.840445e-05,0.00038897936
XBY44006.1,0,0.99474084,0.0013173104,0.0039418614,0,0.99147683,0.0033539003,0.0051693227,0,0.99692696,0.0005248205,0.002548233,0,0.9940054,0.0011699657,0.0048246295,0,0.9932719,0.0013094924,0.0054186806,0,0.99802315,0.00022837306,0.0017484424
XBY43979.1,0,0.9994024,0.000108607135,0.00048892945,0,0.99940765,0.00023214307,0.00036012087,0,0.9995395,5.8929705e-05,0.00040149753,0,0.99923193,0.00012410806,0.00064399664,0,0.9992681,8.413805e-05,0.0006477656,0,0.99956495,4.37168e-05,0.00039126672
XBY45069.1,0,0.9976516,0.00046267585,0.0018858103,0,0.9973242,0.0009303361,0.0017454202,0,0.99779546,0.0002886074,0.0019159871,0,0.99737,0.0004991032,0.0021308202,0,0.9969338,0.0005084011,0.0025577347,0,0.99883395,8.6931606e-05,0.0010790894
XBY45766.1,0,0.99302834,0.0017871454,0.0051845023,0,0.99027026,0.003958239,0.005771525,0,0.9916952,0.0016211064,0.006683621,0,0.9958163,0.0008393398,0.0033443896,0,0.9929264,0.0015496515,0.0055239014,0,0.9944336,0.0009673903,0.0045990716
XBY43662.1,0,0.9991207,0.00025530945,0.0006239995,0,0.99865973,0.0008091667,0.00053109956,0,0.9993894,8.14992e-05,0.000529115,0,0.9989819,0.00019268185,0.0008254225,0,0.99903715,0.000135851,0.0008269661,0,0.9995353,5.7348465e-05,0.0004073946
XBY45748.1,0,0.99242765,0.0035634856,0.004008892,0,0.9826931,0.012100052,0.0052068927,0,0.99689627,0.00063543796,0.0024683115,0,0.9934621,0.001930073,0.0046079117,0,0.99065185,0.002926644,0.0064215483,0,0.99843496,0.00022522124,0.0013397951
XBY45828.1,0,0.9957962,0.002910357,0.0012934088,0,0.98504084,0.013147636,0.001811561,0,0.9991736,0.00015234515,0.00067406305,0,0.9979552,0.00048436326,0.0015605093,0,0.99750936,0.0006319996,0.0018585663,0,0.99930215,0.00013544095,0.00056234415
XBY46225.1,0,0.99671537,0.0009966244,0.0022881366,0,0.9941129,0.0032789302,0.0026081128,0,0.9974952,0.00037793035,0.0021269394,0,0.99720275,0.00052666414,0.002270705,0,0.9957041,0.0007307518,0.003565175,0,0.9990614,6.884551e-05,0.0008697512
XBY44594.1,0,0.99346197,0.0016927241,0.0048453673,0,0.9901945,0.0041604782,0.0056450795,0,0.9942701,0.0010629281,0.0046669343,0,0.9931544,0.0014844395,0.0053611975,0,0.99186456,0.001568192,0.006567272,0,0.99782604,0.00018758242,0.0019863555
XBY44875.1,0,0.9966396,0.0021713937,0.0011888942,0,0.9892062,0.00940172,0.0013920652,0,0.99913836,0.00017621556,0.00068544276,0,0.99746597,0.00068986934,0.0018441122,0,0.99786747,0.0005167203,0.0016157577,0,0.9995204,7.2442686e-05,0.00040709312
XBY43440.1,0,0.9987815,0.0002664917,0.0009520852,0,0.9985421,0.0007018579,0.0007561492,0,0.9986951,0.00015593317,0.0011489961,0,0.9986903,0.00022377483,0.0010858942,0,0.99861014,0.0002121326,0.0011776476,0,0.99936956,3.875998e-05,0.000591739
XBY45120.1,0,0.99837,0.00031701956,0.0013130095,0,0.9980592,0.0007045873,0.0012361883,0,0.9986765,0.00016020071,0.0011632071,0,0.99808866,0.0003498981,0.0015614058,0,0.9978617,0.00030666703,0.00183163,0,0.9991636,6.3744556e-05,0.0007726163
XBY45665.1,0,0.9985817,0.0005106685,0.0009076671,0,0.997463,0.0016592133,0.00087779254,0,0.9990164,0.00015467017,0.0008289173,0,0.9985879,0.00031454748,0.0010976068,0,0.99843293,0.00033599974,0.0012310677,0,0.9994081,8.891148e-05,0.0005029508
XBY46966.1,0,0.99890745,0.00016312633,0.0009293562,0,0.9987973,0.0003552869,0.00084735866,0,0.999191,8.5787964e-05,0.00072327256,0,0.99855,0.00019187586,0.0012581272,0,0.99854654,0.00014648274,0.0013069418,0,0.99945265,3.6198155e-05,0.0005110805
XBY44475.1,0,0.9985777,0.0002874834,0.0011348736,0,0.99825007,0.0006520392,0.0010978965,0,0.99878734,0.00014501423,0.0010676737,0,0.9984149,0.00027388608,0.0013112432,0,0.9981268,0.0003194377,0.0015536796,0,0.99930906,4.7039717e-05,0.00064387434
XBY46631.1,0,0.99881136,0.00016876266,0.0010199735,0,0.99894303,0.00028204964,0.00077490055,0,0.9990752,0.000100416255,0.0008244379,0,0.9984719,0.0002116052,0.001316424,0,0.9986737,0.00014573747,0.0011805979,0,0.9988926,0.00010400477,0.0010035075
XBY45689.1,0,0.9978677,0.00064039434,0.0014918962,0,0.9962417,0.0020906958,0.0016676248,0,0.99901736,0.00013748533,0.00084514054,0,0.9975321,0.0004329926,0.0020348402,0,0.99725276,0.0004871374,0.0022600212,0,0.9992945,5.366061e-05,0.0006518549
XBY43562.1,0,0.9973524,0.0004938709,0.002153713,0,0.9965978,0.0011068578,0.0022953248,0,0.9982071,0.00025603347,0.0015368765,0,0.99651164,0.0004982634,0.002990098,0,0.9964635,0.0005456808,0.0029907832,0,0.998982,6.251886e-05,0.0009554828
XBY44021.1,0,0.9979862,0.0006597509,0.0013540057,0,0.9965798,0.0020204012,0.001399752,0,0.99856204,0.00022837895,0.0012095715,0,0.9979818,0.00040302865,0.0016151533,0,0.9973686,0.000599579,0.0020318064,0,0.9994388,4.7366815e-05,0.000513745
XBY45855.1,0,0.9966165,0.0006572638,0.0027262904,0,0.9954332,0.001317433,0.0032493877,0,0.9959133,0.000554333,0.0035323058,0,0.9971629,0.0005128098,0.0023242722,0,0.99613047,0.0007351565,0.003134314,0,0.99844223,0.00016658653,0.001391172
XBY44956.1,0,0.9966384,0.0004801501,0.002881412,0,0.9965708,0.0008438261,0.002585375,0,0.9972573,0.00031903037,0.0024236285,0,0.99561596,0.000512441,0.0038715343,0,0.99505347,0.00064685446,0.0042997194,0,0.9986946,7.859848e-05,0.0012268025
XBY44559.1,0,0.9935834,0.0014796655,0.004936895,0,0.99079597,0.0036390978,0.0055648363,0,0.99586004,0.0007228358,0.003417078,0,0.991355,0.0014875622,0.0071574445,0,0.99168783,0.0014119028,0.0069002933,0,0.99821824,0.00013692905,0.0016448209
XBY45863.1,0,0.99697465,0.0014713279,0.0015539776,0,0.99297756,0.005329006,0.0016934448,0,0.99841607,0.00029174107,0.001292225,0,0.9972299,0.0007785266,0.0019916096,0,0.9971534,0.0007942554,0.002052297,0,0.9990965,0.00016310975,0.0007403114
XBY46625.1,0,0.99697334,0.0015089188,0.001517731,0,0.9922646,0.0060145534,0.0017208483,0,0.9985549,0.0002539912,0.0011910782,0,0.99702305,0.0006977818,0.0022791675,0,0.9978898,0.0004382277,0.0016719119,0,0.99913436,0.00014003967,0.0007256483
XBY44511.1,0,0.99609506,0.001478699,0.0024261817,0,0.99252,0.0050570355,0.0024230394,0,0.9968965,0.00056581426,0.0025377113,0,0.9965223,0.0007645189,0.0027131198,0,0.9962608,0.00080183946,0.0029372142,0,0.9982759,0.00020428705,0.0015198237
XBY44755.1,0,0.99832,0.00037252123,0.0013074132,0,0.9975988,0.0009746408,0.0014264372,0,0.9989403,0.0001416583,0.00091795146,0,0.9980866,0.00034001682,0.0015734603,0,0.9976615,0.00034309216,0.0019954704,0,0.999313,6.319813e-05,0.0006237468
XBY46386.1,0,0.9958714,0.0018257571,0.002302783,0,0.99090075,0.0064305654,0.002668708,0,0.9981927,0.0003607835,0.0014465083,0,0.9961415,0.0009945974,0.002863923,0,0.995342,0.0011740824,0.003483887,0,0.9987804,0.00016875674,0.0010508882
XBY45167.1,0,0.99816436,0.00022643723,0.0016091286,0,0.99779737,0.00040617824,0.0017964299,0,0.99821246,0.00018532685,0.001602278,0,0.99806434,0.00025419466,0.0016815148,0,0.99758375,0.00024457555,0.0021716754,0,0.99916434,4.1910833e-05,0.00079374504
XBY47022.1,0,0.99796116,0.00042485897,0.001613977,0,0.99754673,0.00101858,0.0014347292,0,0.9979418,0.00025942046,0.0017987499,0,0.9977329,0.00038081346,0.0018862857,0,0.997661,0.00037356434,0.001965388,0,0.99892336,9.1916365e-05,0.0009847321
XBY43648.1,0,0.9982516,0.00043969555,0.0013087528,0,0.99745935,0.0011754482,0.0013653162,0,0.99899393,0.00013232461,0.0008738111,0,0.9976273,0.00045982806,0.0019129543,0,0.99789435,0.00038188603,0.001723793,0,0.99928313,4.899091e-05,0.00066788937
XBY44943.1,0,0.99701864,0.0022682652,0.00071311166,0,0.9886642,0.010386477,0.0009492932,0,0.999313,0.00012959675,0.00055745326,0,0.99876994,0.00038344768,0.0008465024,0,0.998757,0.00036936864,0.0008736209,0,0.9995889,7.243557e-05,0.00033868855
XBY44765.1,0,0.99833953,0.00060277525,0.0010576635,0,0.99700695,0.0019402711,0.001052758,0,0.99907386,0.00015965366,0.00076637336,0,0.99816847,0.00043212489,0.0013993667,0,0.9980301,0.0004081497,0.0015617117,0,0.99941826,7.367687e-05,0.0005081077
XBY43337.1,0,0.99615705,0.00056543626,0.0032774662,0,0.9952791,0.0010051554,0.0037157517,0,0.99681735,0.0003991313,0.0027834894,0,0.99580175,0.0005672874,0.0036309643,0,0.99435437,0.0007656866,0.0048799324,0,0.9985329,8.9920635e-05,0.0013771936
XBY43413.1,0,0.9950123,0.00088605273,0.0041016825,0,0.99236894,0.0021415132,0.005489593,0,0.996867,0.00039843598,0.0027345694,0,0.9938712,0.00080410263,0.005324725,0,0.9936731,0.0009528618,0.0053741154,0,0.99828124,0.0001333503,0.0015854087
XBY45505.1,0,0.9982311,0.00036004867,0.0014088014,0,0.9977822,0.000786689,0.0014311465,0,0.99846447,0.00020904823,0.0013265054,0,0.99800164,0.00032712103,0.001671213,0,0.9976695,0.00041276956,0.0019175978,0,0.9992379,6.461539e-05,0.0006975442
XBY45336.1,0,0.99846077,0.00070990133,0.00082937704,0,0.99640393,0.0027647612,0.00083135907,0,0.99900836,0.00014649179,0.0008451723,0,0.99888283,0.00024636116,0.00087076717,0,0.99858654,0.000320465,0.0010930358,0,0.99942195,7.14275e-05,0.00050655066
XBY45939.1,0,0.99479103,0.0016762379,0.0035327475,0,0.9910618,0.005017588,0.003920576,0,0.99664366,0.00060943386,0.0027468144,0,0.9945475,0.0012321818,0.004220372,0,0.9929981,0.0014157098,0.005586123,0,0.99870384,0.00010627679,0.0011898526
XBY43070.1,0,0.9965086,0.0005764121,0.0029149305,0,0.9953689,0.0011601476,0.0034709547,0,0.9965425,0.00046453864,0.002993025,0,0.9963935,0.00051155896,0.003094889,0,0.9953649,0.0006687013,0.003966336,0,0.9988734,7.711396e-05,0.0010494477
XBY46667.1,0,0.9925391,0.00072425825,0.006736552,0,0.98666567,0.0012770904,0.0120571945,0,0.9929,0.0006472326,0.0064527765,0,0.9938519,0.00070772716,0.005440302,0,0.99233466,0.0008172642,0.006848013,0,0.99694353,0.00017197701,0.002884475
XBY43198.1,0,0.9974324,0.00044299633,0.0021245836,0,0.9971091,0.00087353546,0.0020173462,0,0.9975146,0.0003360243,0.0021493621,0,0.99715424,0.00042341236,0.0024223337,0,0.9963152,0.0005230666,0.0031617386,0,0.9990689,5.8942922e-05,0.000872137
XBY46041.1,0,0.9945528,0.0011655566,0.004281617,0,0.9916877,0.002968165,0.005344129,0,0.9961123,0.00052051275,0.0033673323,0,0.9936847,0.0010810056,0.005234211,0,0.99312097,0.0011199964,0.005759013,0,0.9981584,0.00013810348,0.0017033984
XBY42898.1,0,0.9838788,0.011898982,0.0042222096,0,0.97480077,0.020857064,0.0043420773,0,0.9962316,0.0006782357,0.0030901514,0,0.99511296,0.0016457561,0.0032413178,0,0.9939142,0.0023114737,0.0037742932,0,0.9593345,0.034002382,0.0066632074
XBY43089.1,0,0.9991337,0.00021424066,0.00065209967,0,0.9988624,0.0005911517,0.00054642203,0,0.99930394,9.9987104e-05,0.0005961186,0,0.9989091,0.00019579766,0.0008950999,0,0.99901223,0.00015215053,0.0008356007,0,0.99958056,3.2116342e-05,0.0003872569
XBY43379.1,0,0.9981554,0.0004935643,0.0013510578,0,0.9972052,0.0014434239,0.0013513509,0,0.9987043,0.00017696201,0.001118796,0,0.99800676,0.00034351434,0.0016498384,0,0.9974783,0.00045778137,0.0020639424,0,0.9993825,4.614014e-05,0.0005713612
XBY46163.1,0,0.9983463,0.0009772072,0.0006763903,0,0.995243,0.0040960307,0.00066093344,0,0.99947923,9.366288e-05,0.00042708442,0,0.99869746,0.0003222436,0.0009803345,0,0.99868053,0.0003034584,0.001015974,0,0.99963164,7.0640875e-05,0.0002976251
XBY45442.1,0,0.9945614,0.0011341976,0.0043044407,0,0.99270236,0.0024085713,0.0048890132,0,0.9963064,0.0006117497,0.0030818484,0,0.9932788,0.0010889429,0.005632153,0,0.9921266,0.001437604,0.006435792,0,0.9983924,0.00012412,0.0014833984
XBY45220.1,0,0.9977806,0.00068286236,0.0015364841,0,0.9964682,0.0019690688,0.0015627609,0,0.9987424,0.00021759435,0.0010400327,0,0.9976936,0.00044807175,0.001858291,0,0.9967727,0.0006715603,0.0025556476,0,0.9992262,0.00010801655,0.0006656878
XBY46461.1,0,0.88391924,0.10417737,0.011903444,0,0.608289,0.38213858,0.009572403,0,0.9843524,0.006608052,0.009039501,0,0.9154555,0.06427764,0.020266866,0,0.92485994,0.059035577,0.016104512,0,0.98663914,0.008826994,0.0045339386
XBY45456.1,0,0.9988162,0.00033718065,0.00084658235,0,0.99818355,0.0010661759,0.00075022,0,0.9990564,0.00012493301,0.00081866106,0,0.9988133,0.00022336016,0.0009633978,0,0.99867934,0.00021078342,0.0011098543,0,0.9993486,6.0650902e-05,0.00059077877
XBY44308.1,0,0.99720097,0.0005003471,0.0022986825,0,0.99641836,0.0011543151,0.00242737,0,0.99752206,0.000274637,0.0022031828,0,0.99682415,0.00045830887,0.0027175676,0,0.9966356,0.000488079,0.002876317,0,0.9986046,0.00012639565,0.0012689743
XBY46314.1,0,0.99769944,0.00029691926,0.0020036362,0,0.99760926,0.0005308575,0.0018599005,0,0.9978871,0.00022165265,0.0018913564,0,0.9971017,0.0003448598,0.002553436,0,0.996876,0.0003406876,0.0027833083,0,0.9990232,4.65388e-05,0.00093017967
XBY45453.1,0,0.99687785,0.0006983561,0.0024238767,0,0.9955646,0.0017069492,0.0027284725,0,0.9976234,0.0003043277,0.0020723294,0,0.99701536,0.0005130614,0.0024715154,0,0.9952301,0.00088745635,0.003882571,0,0.9989555,7.998604e-05,0.00096449524
XBY45856.1,0,0.9938035,0.0006195309,0.0055769654,0,0.9904965,0.0009618058,0.008541663,0,0.9938139,0.0006062823,0.005579769,0,0.9940866,0.0006299073,0.0052835685,0,0.9930282,0.000776197,0.0061955536,0,0.9975923,0.0001234621,0.0022842747
XBY44690.1,0,0.9980162,0.0003786386,0.0016051736,0,0.99744165,0.0009410503,0.0016173602,0,0.9984352,0.00017357226,0.0013912179,0,0.9977585,0.0003394427,0.001901963,0,0.9973326,0.00038178463,0.0022856833,0,0.999113,5.7343103e-05,0.0008296436
XBY45386.1,0,0.9965762,0.0010639622,0.002359796,0,0.9944748,0.0032545577,0.002270622,0,0.9981621,0.00029546482,0.0015424425,0,0.99450076,0.0011711781,0.004328064,0,0.9971054,0.00047011988,0.0024244476,0,0.9986381,0.00012849022,0.0012334044
XBY44835.1,0,0.99764216,0.0008906019,0.001467304,0,0.99513537,0.003079844,0.0017848116,0,0.9985851,0.00021488233,0.0012000677,0,0.99775034,0.0005362853,0.0017133304,0,0.9973659,0.00057293236,0.002061184,0,0.99937385,4.9065267e-05,0.0005771261
XBY43387.1,0,0.99823225,0.00026155898,0.0015061982,0,0.99791247,0.00052773603,0.001559796,0,0.9983119,0.00018008934,0.0015081154,0,0.9979551,0.00026193954,0.0017829775,0,0.997689,0.00030414606,0.0020068388,0,0.99929285,3.3883924e-05,0.00067326333
XBY46464.1,0,0.997887,0.0006471251,0.0014658414,0,0.9967014,0.0018269148,0.0014716937,0,0.99843496,0.0002503689,0.0013145505,0,0.9978212,0.00046044492,0.0017183605,0,0.9975356,0.0005483388,0.0019161158,0,0.99894196,0.00014955804,0.0009084871
XBY46257.1,0,0.99819165,0.00034224437,0.0014662135,0,0.9976774,0.0007861054,0.0015364564,0,0.9983791,0.00019592309,0.0014249766,0,0.9975793,0.0004087793,0.0020120034,0,0.9980837,0.0002730552,0.0016432462,0,0.99923825,4.735893e-05,0.0007143849
XBY46714.1,0,0.9979728,0.00044060298,0.0015866157,0,0.9971052,0.0011480183,0.00174677,0,0.99882275,0.00013847534,0.0010387866,0,0.9975915,0.000406133,0.0020024206,0,0.9973404,0.00043951411,0.0022201228,0,0.9990042,7.087405e-05,0.0009249782
XBY43787.1,0,0.9980647,0.0007077426,0.0012275073,0,0.99638796,0.0024054616,0.0012065109,0,0.998833,0.00018941579,0.0009775872,0,0.9978078,0.00045281035,0.0017393357,0,0.99783736,0.00043320085,0.001729466,0,0.99945754,5.7823967e-05,0.0004846365
XBY46779.1,0,0.99859256,0.00020002748,0.001207461,0,0.99828136,0.00042120536,0.0012974923,0,0.9990766,9.7593016e-05,0.0008257992,0,0.9984078,0.00019722845,0.0013950431,0,0.99797183,0.00024070428,0.0017874878,0,0.99922514,4.3406322e-05,0.0007314828
XBY46027.1,0,0.98984945,0.0022212132,0.007929311,0,0.98343474,0.0054504527,0.011114821,0,0.9893539,0.0015824098,0.009063716,0,0.9930768,0.0012925009,0.0056306925,0,0.9867923,0.0024240697,0.010783532,0,0.99658954,0.00035663313,0.0030537935
XBY45311.1,0,0.98933256,0.0017425021,0.008924929,0,0.9839669,0.0033717337,0.012661427,0,0.9911493,0.0012457579,0.0076049976,0,0.9909677,0.0014352594,0.0075969654,0,0.98485744,0.0023390686,0.012803509,0,0.99572146,0.0003206907,0.003957744
XBY46068.1,0,0.9946594,0.0025460832,0.0027945156,0,0.98727834,0.009210567,0.0035111746,0,0.99754095,0.0004998111,0.0019592547,0,0.99550444,0.0012599335,0.0032355902,0,0.99394614,0.0016490297,0.004404919,0,0.99902725,0.000111075395,0.0008616379
XBY43390.1,0,0.9986986,0.00023952774,0.0010618761,0,0.99843484,0.0005786008,0.0009866206,0,0.99913436,9.773202e-05,0.0007678687,0,0.99831176,0.00023419785,0.0014539978,0,0.99813974,0.00025619694,0.0016040494,0,0.9994723,3.0911044e-05,0.0004968442
XBY44138.1,0,0.99522114,0.0009233773,0.00385556,0,0.99375594,0.0019062633,0.0043378468,0,0.99677026,0.00048390738,0.0027459532,0,0.9951121,0.000775678,0.004112176,0,0.9920678,0.0013295052,0.0066026645,0,0.9983993,0.00012153247,0.00147916
XBY45036.1,0,0.99803096,0.00024657662,0.0017225078,0,0.997673,0.00045732348,0.0018697433,0,0.99801826,0.00021664714,0.0017650719,0,0.9979249,0.00024438452,0.001830702,0,0.9973883,0.00026865146,0.0023430614,0,0.99915016,4.5876448e-05,0.0008039602
XBY43994.1,0,0.9951452,0.0010926935,0.0037621346,0,0.9933884,0.0023214286,0.0042902143,0,0.99681985,0.00047527094,0.0027048115,0,0.9941366,0.0011118893,0.004751563,0,0.9928054,0.0014576935,0.0057369093,0,0.9985757,9.7185286e-05,0.0013271746
XBY44908.1,0,0.99831563,0.0005251047,0.0011592822,0,0.9973979,0.0015835747,0.0010184679,0,0.9983816,0.0002456015,0.0013727675,0,0.99854314,0.00030851885,0.001148319,0,0.99830085,0.00030205093,0.001397119,0,0.9989544,0.0001857774,0.0008597374
XBY44438.1,0,0.99787456,0.0011591765,0.00096629385,0,0.9942643,0.0046940483,0.0010416138,0,0.9991522,0.00014637155,0.00070146413,0,0.9985258,0.00032030465,0.0011538663,0,0.99822944,0.00042673424,0.0013437954,0,0.9992009,0.00020842376,0.0005907294
XBY44689.1,0,0.99373853,0.0008742083,0.005387238,0,0.99186945,0.0013711542,0.0067593963,0,0.9931671,0.00087799906,0.0059549403,0,0.9933189,0.00090294686,0.0057781325,0,0.9918717,0.0011252757,0.0070030633,0,0.99846566,9.366548e-05,0.001440657
XBY45325.1,0,0.99908894,0.00014086273,0.0007701385,0,0.9989894,0.00029896473,0.0007116458,0,0.9991868,8.479178e-05,0.0007284037,0,0.9988527,0.00016159413,0.0009857157,0,0.9988238,0.00014021901,0.0010358852,0,0.99959224,1.8743951e-05,0.00038904228
XBY43184.1,0,0.99872416,0.00029714237,0.000978676,0,0.99813664,0.00081504544,0.0010483306,0,0.99902487,0.00011398758,0.0008611101,0,0.99851936,0.0002734246,0.0012072484,0,0.9984711,0.00023660947,0.0012923116,0,0.9994691,4.664472e-05,0.0004843796
XBY46207.1,0,0.9979538,0.00079038646,0.0012557143,0,0.9957141,0.0027214587,0.0015643381,0,0.9986915,0.00019520301,0.0011132398,0,0.9982973,0.00040969075,0.0012929913,0,0.99768364,0.0005763078,0.0017400167,0,0.9993826,4.9272156e-05,0.00056798593
XBY44885.1,0,0.99911726,0.0001900658,0.00069266494,0,0.99884015,0.00052791234,0.0006319589,0,0.9994289,6.587012e-05,0.0005051689,0,0.99878913,0.00017462885,0.0010362478,0,0.9988544,0.00016108142,0.0009844743,0,0.9996737,2.0836269e-05,0.00030547447
XBY44897.1,0,0.9967356,0.00030909837,0.002955276,0,0.9965564,0.0003316862,0.0031119378,0,0.9971111,0.00029360547,0.0025952857,0,0.99558616,0.0005128558,0.0039009622,0,0.9962931,0.00033328525,0.0033736187,0,0.99813145,7.405918e-05,0.0017945755
XBY44097.1,0,0.9846832,0.012377079,0.0029396475,0,0.94086474,0.05524309,0.0038921998,0,0.99736315,0.00064623944,0.0019906843,0,0.9951132,0.0015836249,0.0033032089,0,0.99131596,0.0041253986,0.004558612,0,0.9987594,0.00028704212,0.0009535323
XBY45134.1,0,0.99697113,0.0018971022,0.0011316768,0,0.9907769,0.007989531,0.0012335785,0,0.99887794,0.00020820346,0.0009139369,0,0.9976157,0.0006862409,0.0016981444,0,0.9982053,0.00048644998,0.0013082152,0,0.99938035,0.000115084906,0.0005045096
XBY45814.1,0,0.9962757,0.0005993644,0.003124964,0,0.9964393,0.0009028029,0.0026579567,0,0.9969152,0.00038697157,0.002697844,0,0.99449193,0.00083880854,0.004669274,0,0.99483114,0.0007842898,0.004384606,0,0.99870086,8.3949184e-05,0.0012151388
XBY46050.1,0,0.99910784,0.00016498903,0.000727127,0,0.9989736,0.0004167557,0.0006096076,0,0.9992963,7.897142e-05,0.0006246647,0,0.99893373,0.00015191938,0.000914338,0,0.9987018,0.00015364369,0.0011444358,0,0.99963367,2.3654986e-05,0.00034258876
XBY45779.1,0,0.9967057,0.00136571,0.001928552,0,0.9935034,0.004412529,0.0020840855,0,0.9982509,0.00031939364,0.0014296393,0,0.9968554,0.0008533523,0.002291235,0,0.99573827,0.0011440264,0.003117706,0,0.9991806,9.924889e-05,0.000720095
XBY46789.1,0,0.99532825,0.0014522657,0.0032194648,0,0.9919023,0.004470421,0.0036272157,0,0.9970325,0.0004708366,0.0024966637,0,0.9944173,0.0012156435,0.004367013,0,0.9944706,0.001005149,0.004524243,0,0.99881846,9.92786e-05,0.0010821891
XBY43052.1,0,0.99770135,0.0002891141,0.0020095087,0,0.9974317,0.0004930435,0.0020751597,0,0.99762976,0.00025737614,0.0021128003,0,0.997543,0.00030263214,0.0021544653,0,0.99668,0.00035493227,0.0029651432,0,0.9992224,3.7586437e-05,0.0007399741
XBY46906.1,0,0.9960424,0.0006582544,0.003299348,0,0.99426174,0.0012766834,0.004461657,0,0.99698895,0.00041349346,0.002597571,0,0.9960764,0.0006144367,0.0033091318,0,0.994362,0.0008856315,0.0047523845,0,0.99852294,0.000101026795,0.0013759969
XBY46123.1,0,0.9979211,0.00025415546,0.0018247763,0,0.9978448,0.00042030308,0.0017349701,0,0.99824834,0.0001866692,0.0015650011,0,0.9969048,0.0003378848,0.0027572738,0,0.9976254,0.0002681276,0.00210639,0,0.998982,5.7792768e-05,0.00096024666
XBY44030.1,0,0.9986984,0.00016083862,0.0011406897,0,0.9985146,0.00029270907,0.0011926442,0,0.998793,0.000117631585,0.0010892982,0,0.99859923,0.00017530005,0.0012254408,0,0.99825615,0.00018445471,0.0015593899,0,0.9993293,3.4097684e-05,0.00063667604
XBY42972.1,0,0.99683684,0.00062489737,0.0025381749,0,0.9956369,0.001348866,0.0030142658,0,0.9977101,0.00034125487,0.0019486647,0,0.9966467,0.00059102854,0.0027622192,0,0.99518687,0.0007686281,0.004044472,0,0.99900407,7.470956e-05,0.00092125335
XBY43969.1,0,0.99864024,0.00033785708,0.0010218486,0,0.9980603,0.0009840894,0.0009556533,0,0.9990766,0.00013266726,0.0007906482,0,0.9984114,0.00026499166,0.0013236587,0,0.99814606,0.00027290563,0.00158099,0,0.99950707,3.463139e-05,0.00045829246
XBY45869.1,0,0.9964358,0.000648697,0.0029155586,0,0.9952844,0.0010851688,0.0036305196,0,0.99653876,0.00047212862,0.0029892083,0,0.99651116,0.00059111725,0.0028977662,0,0.9953336,0.00097521156,0.0036912046,0,0.998511,0.0001198589,0.0013690934
XBY43021.1,0,0.997155,0.0006473382,0.0021976554,0,0.9956232,0.0017047827,0.002671964,0,0.99778,0.00029391507,0.0019261198,0,0.99675757,0.0005495501,0.00269286,0,0.9968168,0.00059428456,0.0025889,0,0.9987974,9.415855e-05,0.0011084321
XBY44465.1,0,0.9975026,0.0011824889,0.001314866,0,0.99379736,0.0046962644,0.0015062871,0,0.9987897,0.00019423572,0.0010160923,0,0.9977908,0.0005447064,0.00166448,0,0.99814904,0.00034678614,0.0015042191,0,0.9989863,0.00013045176,0.00088325125
XBY45824.1,0,0.9983555,0.00034832658,0.0012961819,0,0.9979036,0.00081046973,0.0012859001,0,0.99868363,0.00017200614,0.0011442917,0,0.9982438,0.00027514147,0.0014810263,0,0.9975069,0.00044585724,0.0020472712,0,0.9994394,3.8158236e-05,0.00052242074
XBY43771.1,0,0.99820375,0.0004111693,0.0013850926,0,0.99760085,0.0009952,0.001404034,0,0.9987833,0.00018192602,0.0010347506,0,0.99781346,0.00042612833,0.00176043,0,0.9975139,0.00040641526,0.002079697,0,0.9993073,4.6177072e-05,0.0006465517
XBY42902.1,0,0.99806434,0.00028319604,0.0016525621,0,0.9981987,0.00043593452,0.001365501,0,0.99832314,0.00019958684,0.0014772322,0,0.9973097,0.0004269799,0.0022634114,0,0.997621,0.0002761621,0.0021028363,0,0.9988689,7.7317e-05,0.0010538297
XBY43791.1,0,0.996682,0.00062655064,0.0026914924,0,0.994562,0.0016750181,0.0037629833,0,0.99762374,0.00030033774,0.0020760077,0,0.99679095,0.00044922007,0.0027599041,0,0.9956988,0.00059880444,0.0037023919,0,0.9987344,0.00010937289,0.0011561741
XBY45573.1,0,0.99505216,0.0021749453,0.0027728868,0,0.98834735,0.007958034,0.0036945823,0,0.99780124,0.0003642277,0.0018344858,0,0.99527836,0.0011065103,0.0036151817,0,0.9954526,0.0011895132,0.0033579369,0,0.99838126,0.00025644255,0.0013622476
XBY44695.1,0,0.9955705,0.0023773315,0.0020521847,0,0.9871754,0.009994436,0.0028300465,0,0.9983064,0.00026616955,0.0014273822,0,0.9963321,0.00081012305,0.0028577491,0,0.99694103,0.00073048996,0.0023284468,0,0.99909735,8.54389e-05,0.000817299
XBY43395.1,0,0.9980589,0.0002189324,0.0017221847,0,0.99785477,0.0003257412,0.0018195149,0,0.9983188,0.00015911728,0.0015221483,0,0.99771404,0.00029476243,0.0019912343,0,0.99736196,0.00026483732,0.0023733021,0,0.99904495,5.020371e-05,0.0009047241
XBY44126.1,0,0.99448407,0.0014922363,0.0040236665,0,0.99002576,0.004336265,0.005637952,0,0.99512357,0.0006612639,0.0042151897,0,0.9956052,0.00084083696,0.003553889,0,0.9934809,0.0014491176,0.005069935,0,0.99818486,0.00017369796,0.0016413688
XBY45340.1,0,0.996867,0.0009882811,0.0021446694,0,0.9951687,0.0025681478,0.0022631234,0,0.9982692,0.00029001085,0.0014407829,0,0.995943,0.0010777285,0.0029793368,0,0.99584275,0.00090585253,0.003251379,0,0.9991116,9.96659e-05,0.0007887249
XBY43232.1,0,0.9982506,0.0009124919,0.0008369504,0,0.99548006,0.0036904032,0.00082950416,0,0.9990866,0.00014518501,0.0007681906,0,0.9987853,0.0002706885,0.0009440247,0,0.99862516,0.00030988417,0.0010649847,0,0.9992756,0.00014629851,0.00057804794
XBY46468.1,0,0.99853575,0.00031532053,0.0011489302,0,0.99802643,0.0008508228,0.0011227075,0,0.9986999,0.00015360648,0.0011465512,0,0.9984074,0.00024165686,0.0013509552,0,0.9982185,0.0002854302,0.0014960545,0,0.9993266,4.508623e-05,0.0006283828
XBY46999.1,0,0.9983781,0.00046126707,0.0011606065,0,0.9974788,0.0013199332,0.0012013275,0,0.99922335,0.00010699928,0.0006697303,0,0.99796116,0.00039318195,0.0016456539,0,0.99784017,0.0004252149,0.0017345021,0,0.99938715,6.1005954e-05,0.0005518189
XBY43934.1,0,0.9883809,0.009882004,0.0017370802,0,0.9501212,0.046866972,0.0030118015,0,0.99864846,0.00029952577,0.0010520178,0,0.9970483,0.0010032762,0.0019483733,0,0.99674857,0.0010890769,0.002162359,0,0.999338,0.00015116672,0.0005108489
XBY46286.1,0,0.9971798,0.0007057439,0.0021144073,0,0.99620855,0.0017823667,0.0020091431,0,0.99790287,0.00033145025,0.0017657035,0,0.99662006,0.0006650317,0.0027148693,0,0.99618536,0.00065172184,0.00316286,0,0.99898237,9.8149125e-05,0.00091946125
XBY44482.1,0,0.99774027,0.00031176707,0.0019479884,0,0.99734676,0.0006206267,0.0020325857,0,0.99793184,0.00022565045,0.0018425093,0,0.99720687,0.00036120895,0.002431907,0,0.99715,0.00031391697,0.0025361027,0,0.9990658,3.743232e-05,0.00089683704
XBY45886.1,0,0.99780875,0.00038030423,0.0018108686,0,0.9972567,0.0009225055,0.0018207738,0,0.99819094,0.00020718589,0.0016019241,0,0.9973133,0.00036248093,0.0023241304,0,0.99723804,0.00036301572,0.0023988243,0,0.99904495,4.6333353e-05,0.0009086909
XBY46555.1,0,0.998305,0.00020709894,0.0014878694,0,0.99802005,0.00036998352,0.0016099347,0,0.9980811,0.0002055419,0.0017133061,0,0.9982797,0.00021193037,0.0015083372,0,0.9979286,0.00020943259,0.0018619888,0,0.9992156,3.8606307e-05,0.00074578053
XBY42850.1,0,0.99877584,0.00029036502,0.00093381834,0,0.99877304,0.00057699153,0.0006499973,0,0.99913436,0.00011621948,0.0007494643,0,0.9983095,0.0003751149,0.0013154262,0,0.99859995,0.00026156343,0.0011385797,0,0.9990625,0.00012193557,0.00081562443
XBY45452.1,0,0.99745464,0.00040092584,0.0021444536,0,0.9969796,0.0008279431,0.0021925832,0,0.99792117,0.00027068058,0.0018081918,0,0.99712616,0.00042139538,0.0024524187,0,0.9965168,0.00038529528,0.0030979062,0,0.9987295,9.9314835e-05,0.0011711667
XBY43328.1,0,0.99699706,0.0004962604,0.0025067234,0,0.9960943,0.0009860664,0.0029196495,0,0.997943,0.00026677444,0.0017903455,0,0.9964175,0.000533585,0.003048851,0,0.99567974,0.00062198355,0.0036982223,0,0.9988506,7.289246e-05,0.001076549
XBY43543.1,0,0.9969386,0.00075181556,0.0023095445,0,0.99552757,0.0018840721,0.0025882926,0,0.9979165,0.00034867128,0.0017348094,0,0.9967437,0.0006351202,0.0026211743,0,0.9955239,0.0007829311,0.003693136,0,0.9989814,0.00010828297,0.0009103114
XBY43125.1,0,0.99066603,0.005137653,0.0041963565,0,0.97465605,0.01989956,0.0054443995,0,0.9957072,0.0008469622,0.0034459385,0,0.99400616,0.001538259,0.004455534,0,0.9903758,0.0032241254,0.006400057,0,0.99858475,0.00017936132,0.0012358547
XBY44893.1,0,0.9983469,0.0006483096,0.0010048158,0,0.99661994,0.0023230442,0.0010569987,0,0.9990088,0.00015219617,0.0008390371,0,0.99834406,0.00033566525,0.0013203337,0,0.99824834,0.0003918352,0.0013597975,0,0.99951327,3.880735e-05,0.00044791185
XBY45029.1,0,0.9971689,0.00064816687,0.002182939,0,0.996536,0.0012577252,0.0022062387,0,0.99798155,0.00028079716,0.0017376854,0,0.99640757,0.00072260445,0.002869815,0,0.9958405,0.00090915046,0.003250418,0,0.999079,7.055672e-05,0.000850539
XBY46626.1,0,0.9967102,0.0013155785,0.0019742907,0,0.99321485,0.00466681,0.002118459,0,0.99801576,0.00033157377,0.0016526642,0,0.995971,0.0009280332,0.0031009272,0,0.9973193,0.00052844995,0.002152276,0,0.9990299,0.00012302557,0.00084712636
XBY43024.1,0,0.99855745,0.0001554846,0.0012870498,0,0.9984926,0.00025318333,0.0012542488,0,0.9986682,0.00012372616,0.0012081788,0,0.9981596,0.000193771,0.0016466938,0,0.9980311,0.00018502706,0.0017839033,0,0.9994361,2.1715436e-05,0.0005422246
XBY43785.1,0,0.99523497,0.00078256475,0.0039825034,0,0.9938308,0.0013936245,0.004775604,0,0.99616903,0.0005593048,0.0032715902,0,0.99440163,0.0008057918,0.0047924872,0,0.99368757,0.0010161725,0.0052963775,0,0.9980856,0.0001379302,0.0017764594
XBY43968.1,0,0.99732256,0.0008743239,0.0018031222,0,0.9954934,0.00250645,0.0020001044,0,0.9980987,0.00033340367,0.001568011,0,0.997224,0.0005815352,0.0021945373,0,0.9965521,0.0008718627,0.0025760627,0,0.9992447,7.83676e-05,0.0006768966
XBY43978.1,0,0.9991015,0.0002330646,0.0006653246,0,0.99864525,0.0007069933,0.0006476898,0,0.9994894,6.24016e-05,0.00044812378,0,0.99885905,0.00019252958,0.00094840926,0,0.9988926,0.00016769319,0.0009397867,0,0.9996216,3.5705336e-05,0.00034261355
XBY45481.1,0,0.9960548,0.0014480574,0.0024971485,0,0.9927994,0.0043245023,0.0028760387,0,0.99750644,0.0004841826,0.0020094337,0,0.9953042,0.0012753106,0.0034204444,0,0.9958482,0.0010081208,0.0031437103,0,0.9988158,0.00014817079,0.0010361158
XBY44790.1,0,0.99439466,0.0006846661,0.004920703,0,0.9927078,0.0010261511,0.0062660747,0,0.9955636,0.00053430954,0.0039020828,0,0.99277884,0.00088257354,0.006338611,0,0.9928526,0.0008759658,0.0062714103,0,0.9980703,0.00010433066,0.0018253344
XBY45675.1,0,0.9968697,0.0012295898,0.0019007344,0,0.9935183,0.00443535,0.0020462987,0,0.998078,0.00029570775,0.0016262996,0,0.9967235,0.0006927323,0.0025838309,0,0.99726176,0.00054056995,0.0021976926,0,0.9987669,0.00018358906,0.0010495499
XBY45761.1,0,0.9967083,0.00030058745,0.0029911536,0,0.99728286,0.00041878357,0.0022983213,0,0.9972855,0.0002489686,0.0024656279,0,0.9962127,0.0003186467,0.003468673,0,0.99468577,0.0004340111,0.0048801815,0,0.9980744,8.252718e-05,0.0018429642
XBY44838.1,0,0.9979808,0.0008797928,0.0011394607,0,0.9952865,0.003491664,0.0012218828,0,0.99908924,0.0001292751,0.00078148284,0,0.99781394,0.0004389412,0.0017471409,0,0.9982645,0.0002819449,0.0014536502,0,0.9994497,5.7138517e-05,0.0004931465
XBY46288.1,0,0.99312484,0.0023759354,0.0044991537,0,0.9865986,0.007418086,0.0059832265,0,0.9963068,0.00075699517,0.0029361632,0,0.99253803,0.0017646423,0.0056973402,0,0.9922139,0.0017446866,0.0060415026,0,0.9979672,0.00019526767,0.0018375365
XBY46836.1,0,0.99871427,0.00045776283,0.000828069,0,0.99774384,0.0014967477,0.00075941964,0,0.9992854,0.00011081562,0.00060386467,0,0.99832624,0.00036150907,0.0013121861,0,0.99862885,0.0002791694,0.0010919636,0,0.99958664,4.057209e-05,0.0003729108
XBY44267.1,0,0.9983751,0.00043492965,0.0011899672,0,0.99747247,0.0013037699,0.0012237038,0,0.9986131,0.00020865469,0.0011782235,0,0.99843925,0.0002912672,0.0012694759,0,0.9980538,0.0003014022,0.0016449185,0,0.9992969,6.9554095e-05,0.00063351414
XBY46463.1,0,0.99643964,0.0018178032,0.0017425569,0,0.9909225,0.007205829,0.0018716031,0,0.9978947,0.00038798197,0.0017173641,0,0.99784803,0.0004893763,0.0016625541,0,0.9971311,0.0006480685,0.0022207443,0,0.9984017,0.00035776067,0.0012405192
XBY45319.1,0,0.9984819,0.00026023708,0.0012578523,0,0.9983864,0.00055943354,0.0010542904,0,0.99840957,0.00018522983,0.0014052815,0,0.9985018,0.00022605447,0.0012721624,0,0.9981481,0.00025948323,0.0015924452,0,0.99896395,7.09845e-05,0.0009650822
XBY44954.1,0,0.9974866,0.00037391266,0.0021394673,0,0.9967789,0.0007702881,0.0024507921,0,0.99852294,0.00017286954,0.0013043024,0,0.9972429,0.00038575698,0.0023713105,0,0.9962373,0.00045186703,0.0033107682,0,0.9986511,8.878163e-05,0.0012601644
XBY44656.1,0,0.99719924,0.00058769394,0.0022131312,0,0.9965605,0.0012917627,0.0021478182,0,0.99789184,0.0003009584,0.0018071665,0,0.9962829,0.00066169025,0.0030554507,0,0.9962657,0.00062009745,0.0031142537,0,0.9989951,6.396086e-05,0.0009409676
XBY46497.1,0,0.9976897,0.00047863467,0.0018316886,0,0.9966107,0.0012904919,0.0020988542,0,0.9980305,0.00024323746,0.0017263612,0,0.9976324,0.0003556423,0.002012057,0,0.99733895,0.00042778684,0.0022332622,0,0.9988361,7.601468e-05,0.0010879083
XBY45829.1,0,0.9979938,0.0010655399,0.0009405895,0,0.99467754,0.0042651994,0.0010571593,0,0.99929523,0.00012597843,0.00057869934,0,0.99846786,0.00036853107,0.0011636592,0,0.9980708,0.00046133532,0.001467926,0,0.9994579,0.000106655556,0.00043550358
XBY45049.1,0,0.99748075,0.00020240077,0.002316815,0,0.99742776,0.00024903266,0.0023232296,0,0.997821,0.00018337565,0.0019955647,0,0.99654275,0.00029891505,0.003158362,0,0.99756926,0.0001994266,0.0022312826,0,0.99804306,8.1253835e-05,0.0018756376
XBY46534.1,0,0.9991738,0.000108651424,0.0007175392,0,0.9992435,0.00019122296,0.0005653244,0,0.999448,5.3529257e-05,0.0004984812,0,0.998632,0.00015160894,0.0012162671,0,0.99887794,0.00013231015,0.0009897788,0,0.99966764,1.4585797e-05,0.0003178446
XBY44127.1,0,0.99876773,0.00029263058,0.00093964144,0,0.9984647,0.0007434196,0.0007918967,0,0.99908614,0.00012684989,0.00078701053,0,0.9984736,0.00030582497,0.0012206655,0,0.9983882,0.00022124281,0.0013906496,0,0.99942625,6.5815686e-05,0.00050798483
XBY46139.1,0,0.9975821,0.00031789637,0.002100026,0,0.9972198,0.0006087478,0.002171429,0,0.9982346,0.00018274954,0.0015825833,0,0.99734086,0.00032988965,0.0023292764,0,0.99637455,0.00040499438,0.0032203754,0,0.9987405,6.310045e-05,0.0011964666
XBY43416.1,0,0.9987842,0.00013884126,0.0010770205,0,0.9987305,0.00024475675,0.0010247325,0,0.9991617,7.7388504e-05,0.00076081435,0,0.9984314,0.00017481855,0.0013937245,0,0.99824715,0.00016468986,0.0015882306,0,0.9993499,3.2552703e-05,0.0006176011
XBY42849.1,0,0.9991124,0.00020273394,0.000684856,0,0.99909925,0.00044483985,0.00045593907,0,0.999428,7.362231e-05,0.00049842603,0,0.9987086,0.00025804914,0.0010333508,0,0.9990081,0.00016601259,0.00082591583,0,0.99931824,7.114585e-05,0.00061064813
XBY43575.1,0,0.99726284,0.00059930905,0.0021378624,0,0.99609876,0.0015314118,0.0023698239,0,0.9981293,0.0002588145,0.0016118608,0,0.99718326,0.00050490967,0.0023118437,0,0.99598455,0.00062682235,0.0033886777,0,0.9989184,7.458684e-05,0.0010071049
XBY45125.1,0,0.9974712,0.00028372064,0.0022449696,0,0.99708027,0.00039996105,0.0025197566,0,0.99778605,0.00023564823,0.0019783275,0,0.9966785,0.00037305785,0.0029484567,0,0.99713147,0.00034305564,0.002525453,0,0.9986802,6.6880435e-05,0.0012528555
XBY44024.1,0,0.99849224,0.00031936806,0.001188442,0,0.9977852,0.000861767,0.0013530264,0,0.9989151,0.00012807021,0.0009569804,0,0.9981554,0.000304524,0.0015400504,0,0.9982064,0.0002666299,0.0015269424,0,0.99939895,3.58492e-05,0.0005652102
XBY44703.1,0,0.9979452,0.00039020245,0.0016646145,0,0.99721235,0.00094776455,0.0018398205,0,0.9988783,0.00014421756,0.0009775289,0,0.9975212,0.00037653124,0.0021022628,0,0.99695706,0.00041859603,0.0026244007,0,0.99915695,6.390299e-05,0.00077906006
XBY46169.1,0,0.9967185,0.00025973626,0.0030217387,0,0.99578446,0.00034944573,0.003866055,0,0.99661154,0.00025901786,0.0031294671,0,0.99599236,0.00035105165,0.003656579,0,0.9965759,0.00029083647,0.0031332823,0,0.9986284,4.8329668e-05,0.0013233101
XBY43460.1,0,0.99659693,0.00049532426,0.0029077495,0,0.996049,0.00094351143,0.0030075705,0,0.9980464,0.00020909008,0.0017445798,0,0.99509144,0.00067993073,0.0042285533,0,0.9958405,0.00052708253,0.0036323662,0,0.9979572,0.0001170064,0.0019256778
XBY44455.1,0,0.99885017,0.00017916183,0.0009706677,0,0.99880624,0.000326086,0.00086766947,0,0.9991559,9.305183e-05,0.00075106503,0,0.9984243,0.00022156544,0.0013540962,0,0.99834085,0.000225048,0.0014340689,0,0.9995235,3.0057938e-05,0.00044643873
